caseID,activity,startTime,endTime,
2014001,Patient Arrival,10:19:22 PM,10:19:23 PM,
2014001,NRB,10:19:22 PM,10:26:03 PM,
2014001,Chest Auscultation,10:20:30 PM,10:20:45 PM,
2014001,Chest Auscultation,10:20:32 PM,10:20:57 PM,
2014001,Breathing Verbalized,10:21:10 PM,10:21:11 PM,
2014001,Chest Auscultation,10:21:56 PM,10:22:53 PM,
2014001,Chest Auscultation,10:25:09 PM,10:25:16 PM,
2014001,Airway Assessment,10:25:21 PM,10:25:30 PM,
2014001,BVM,10:26:05 PM,10:28:54 PM,
2014001,Chest Auscultation,10:26:11 PM,10:26:28 PM,
2014001,Critical Window (3 minutes prior to laryngoscopy),10:26:41 PM,10:26:42 PM,
2014001,RSI Sedative Meds,10:27:12 PM,10:27:24 PM,
2014001,RSI Paralytic Meds,10:27:38 PM,10:27:54 PM,
2014001,BVM,10:29:14 PM,10:29:17 PM,
2014001,Laryngoscopy,10:29:41 PM,10:30:13 PM,
2014001,ET Tube Secured,10:33:40 PM,10:35:26 PM,
2014002,Patient Arrival,10:51:20 AM,10:51:21 AM,
2014002,Chest Auscultation,10:51:39 AM,10:51:51 AM,
2014002,Breathing Verbalized,10:51:54 AM,10:51:55 AM,
2014002,Chest Auscultation,10:52:16 AM,10:52:25 AM,
2014002,BVM,10:52:24 AM,10:58:20 AM,
2014002,Breathing Verbalized,10:52:47 AM,10:52:48 AM,
2014002,Chest Auscultation,10:57:15 AM,10:57:23 AM,
2014002,NRB,10:58:22 AM,10:59:20 AM,
2014002,Chest Auscultation,10:59:01 AM,10:59:21 AM,
2014002,Chest Auscultation,10:59:12 AM,10:59:18 AM,
2014002,BVM,10:59:23 AM,11:08:31 AM,
2014002,Chest Auscultation,11:02:14 AM,11:02:25 AM,
2014002,Decision to Intubate,11:03:07 AM,11:03:08 AM,
2014002,Critical Window (3 minutes prior to laryngoscopy),11:05:37 AM,11:05:38 AM,
2014002,RSI Sedative Meds,11:06:40 AM,11:06:52 AM,
2014002,RSI Sedative Meds,11:06:57 AM,11:07:03 AM,
2014002,RSI Paralytic Meds,11:07:16 AM,11:07:19 AM,
2014002,Laryngoscopy,11:08:37 AM,11:09:32 AM,
2014002,ET Tube Secured,11:14:56 AM,11:17:21 AM,
2014003,Patient Arrival,9:05:25 PM,9:05:26 PM,
2014003,NRB,9:05:25 PM,9:06:42 PM,
2014003,Chest Auscultation,9:06:19 PM,9:06:28 PM,
2014003,Airway Assessment,9:06:31 PM,9:06:35 PM,
2014003,NRB,9:06:53 PM,9:14:00 PM,
2014003,Chest Auscultation,9:13:26 PM,9:13:41 PM,
2014003,BVM,9:14:05 PM,9:14:39 PM,
2014003,NRB,9:14:44 PM,9:28:49 PM,
2014003,Airway Assessment,9:14:53 PM,9:14:55 PM,
2014003,Chest Auscultation,9:17:49 PM,9:18:25 PM,
2014003,Chest Auscultation,9:19:40 PM,9:20:10 PM,
2014003,Decision to Intubate,9:27:51 PM,9:27:52 PM,
2014003,BVM,9:29:12 PM,9:51:45 PM,
2014003,Breathing Verbalized,9:30:50 PM,9:31:51 PM,
2014003,Chest Auscultation,9:38:59 PM,9:39:07 PM,
2014003,Critical Window (3 minutes prior to laryngoscopy),9:48:58 PM,9:48:59 PM,
2014003,RSI Adjunct Meds,9:49:49 PM,9:49:55 PM,
2014003,RSI Sedative Meds,9:50:19 PM,9:50:22 PM,
2014003,RSI Paralytic Meds,9:50:38 PM,9:50:41 PM,
2014003,Laryngoscopy,9:51:58 PM,9:52:18 PM,
2014003,ET Tube Secured,10:00:44 PM,10:03:26 PM,
2014004,Patient Arrival,1:08:56 AM,1:08:57 AM,
2014004,BVM,1:08:56 AM,1:15:23 AM,
2014004,Decision to Intubate,1:10:04 AM,1:10:05 AM,
2014004,Intubation Safety Timeout,1:11:05 AM,1:11:06 AM,
2014004,Breathing Verbalized,1:11:21 AM,1:11:22 AM,
2014004,BVM,1:15:36 AM,1:16:34 AM,
2014004,BVM,1:16:59 AM,1:18:24 AM,
2014004,BVM,1:18:48 AM,1:21:56 AM,
2014004,Breathing Verbalized,1:18:52 AM,1:18:53 AM,
2014004,Critical Window (3 minutes prior to laryngoscopy),1:19:01 AM,1:19:02 AM,
2014004,RSI Sedative Meds,1:20:48 AM,1:20:58 AM,
2014004,RSI Paralytic Meds,1:21:01 AM,1:21:03 AM,
2014004,Laryngoscopy,1:22:01 AM,1:22:21 AM,
2014004,ET Tube Insertion,1:23:44 AM,1:26:38 AM,
2014007,Patient Arrival,11:51:04 AM,11:51:05 AM,
2014007,NRB,11:51:04 AM,11:59:39 AM,
2014007,Decision to Intubate,11:52:16 AM,11:52:17 AM,
2014007,Airway Assessment,11:52:57 AM,11:52:58 AM,
2014007,RSI Sedative Meds,11:55:50 AM,11:56:34 AM,
2014007,Critical Window (3 minutes prior to laryngoscopy),11:57:39 AM,11:57:40 AM,
2014007,RSI Paralytic Meds,11:59:19 AM,11:59:24 AM,
2014007,BVM,11:59:52 AM,12:00:28 PM,
2014007,Laryngoscopy,12:00:39 PM,12:01:58 PM,
2014007,ET Tube Secured,12:09:41 PM,12:10:55 PM,
2014008,Patient Arrival,1:53:19 PM,1:53:20 PM,
2014008,BVM,1:53:19 PM,1:55:18 PM,
2014008,Chest Auscultation,1:54:14 PM,1:54:31 PM,
2014008,BVM,1:55:38 PM,1:59:46 PM,
2014008,Decision to Intubate,1:55:53 PM,1:55:54 PM,
2014008,Airway Assessment,1:56:26 PM,1:56:29 PM,
2014008,Airway Verbalized,1:56:30 PM,1:56:31 PM,
2014008,Chest Auscultation,1:56:35 PM,1:56:38 PM,
2014008,Breathing Verbalized,1:56:40 PM,1:56:41 PM,
2014008,Chest Auscultation,1:56:48 PM,1:56:59 PM,
2014008,Chest Auscultation,1:57:05 PM,1:57:09 PM,
2014008,Chest Auscultation,1:59:38 PM,1:59:40 PM,
2014008,Chest Auscultation,2:00:50 PM,2:01:00 PM,
2014008,Critical Window (3 minutes prior to laryngoscopy),2:02:03 PM,2:02:04 PM,
2014008,RSI Sedative Meds,2:02:11 PM,2:02:21 PM,
2014008,Airway Assessment,2:02:22 PM,2:02:29 PM,
2014008,BVM,2:02:31 PM,2:04:54 PM,
2014008,RSI Sedative Meds,2:02:42 PM,2:02:53 PM,
2014008,Chest Auscultation,2:03:00 PM,2:03:46 PM,
2014008,Breathing Verbalized,2:03:31 PM,2:03:32 PM,
2014008,Chest Auscultation,2:04:23 PM,2:04:34 PM,
2014008,Laryngoscopy,2:05:03 PM,,
2014008,ET Tube Insertion,2:08:41 PM,2:10:40 PM,
2014009,Patient Arrival,3:37:20 AM,3:37:21 AM,
2014009,NRB,3:37:20 AM,3:40:01 AM,
2014009,Chest Auscultation,3:37:43 AM,3:38:12 AM,
2014009,Chest Auscultation,3:38:04 AM,3:38:13 AM,
2014009,NRB,3:41:10 AM,3:49:20 AM,
2014009,Airway Assessment,3:41:37 AM,3:41:42 AM,
2014009,Chest Auscultation,3:44:24 AM,3:44:30 AM,
2014009,Chest Auscultation,3:48:39 AM,3:48:57 AM,
2014009,Breathing Verbalized,3:52:32 AM,3:52:33 AM,
2014009,Chest Auscultation,3:52:33 AM,3:52:54 AM,
2014009,Decision to Intubate,3:52:48 AM,3:52:49 AM,
2014009,Breathing Verbalized,3:52:56 AM,3:52:57 AM,
2014009,NRB,3:55:08 AM,3:58:43 AM,
2014009,Breathing Verbalized,3:55:14 AM,3:55:27 AM,
2014009,Chest Auscultation,3:58:45 AM,3:59:16 AM,
2014009,Chest Auscultation,4:00:02 AM,4:00:13 AM,
2014009,Critical Window (3 minutes prior to laryngoscopy),4:04:05 AM,4:04:06 AM,
2014009,BVM,4:05:06 AM,4:06:58 AM,
2014009,RSI Sedative Meds,4:05:11 AM,4:05:25 AM,
2014009,RSI Adjunct Meds,4:05:35 AM,4:05:44 AM,
2014009,RSI Paralytic Meds,4:05:58 AM,4:06:10 AM,
2014009,Breathing Verbalized,4:06:33 AM,4:06:35 AM,
2014009,Chest Auscultation,4:06:49 AM,4:06:53 AM,
2014009,Laryngoscopy,4:07:05 AM,4:07:29 AM,
2014009,ET Tube Secured,4:11:03 AM,4:14:15 AM,
2014011,Patient Arrival,11:16:09 AM,11:16:10 AM,
2014011,Chest Auscultation,11:17:19 AM,11:17:26 AM,
2014011,Airway Assessment,11:17:20 AM,11:17:21 AM,
2014011,Airway Assessment,11:19:02 AM,11:19:07 AM,
2014011,Airway Verbalized,11:19:07 AM,11:19:08 AM,
2014011,Chest Auscultation,11:19:59 AM,11:20:02 AM,
2014011,NRB,11:20:48 AM,11:27:05 AM,
2014011,Decision to Intubate,11:23:26 AM,11:23:27 AM,
2014011,Intubation Safety Timeout,11:23:31 AM,11:23:32 AM,
2014011,Critical Window (3 minutes prior to laryngoscopy),11:26:39 AM,11:26:40 AM,
2014011,BVM,11:27:09 AM,11:29:34 AM,
2014011,RSI Sedative Meds,11:27:30 AM,11:28:15 AM,
2014011,RSI Paralytic Meds,11:28:23 AM,11:28:30 AM,
2014011,Chest Auscultation,11:28:49 AM,11:28:52 AM,
2014011,Laryngoscopy,11:29:39 AM,11:30:13 AM,
2014011,ET Tube Secured,11:31:33 AM,11:34:07 AM,
2014012,Patient Arrival,6:55:26 PM,6:55:27 PM,
2014012,NRB,6:55:26 PM,7:08:21 PM,
2014012,Airway Verbalized,6:56:35 PM,6:56:36 PM,
2014012,Airway Assessment,6:57:16 PM,6:57:18 PM,
2014012,Airway Assessment,6:59:20 PM,6:59:21 PM,
2014012,Decision to Intubate,6:59:58 PM,6:59:59 PM,
2014012,Critical Window (3 minutes prior to laryngoscopy),7:05:26 PM,7:05:27 PM,
2014012,RSI Sedative Meds,7:05:55 PM,7:06:08 PM,
2014012,RSI Sedative Meds,7:07:32 PM,7:07:44 PM,
2014012,RSI Paralytic Meds,7:07:51 PM,7:07:57 PM,
2014012,Laryngoscopy,7:08:26 PM,7:09:12 PM,
2014012,ET Tube Secured,7:10:39 PM,7:12:33 PM,
2014014,Patient Arrival,1:58:11 PM,1:58:12 PM,
2014014,BVM,1:58:11 PM,2:03:49 PM,
2014014,Airway Verbalized,1:59:37 PM,1:59:40 PM,
2014014,Chest Auscultation,1:59:38 PM,1:59:58 PM,
2014014,Breathing Verbalized,1:59:40 PM,1:59:44 PM,
2014014,NRB,2:04:08 PM,2:32:42 PM,
2014014,Chest Auscultation,2:06:25 PM,2:06:34 PM,
2014014,Airway Assessment,2:16:08 PM,2:16:09 PM,
2014014,Airway Verbalized,2:16:09 PM,2:16:10 PM,
2014014,Airway Assessment,2:17:46 PM,2:17:47 PM,
2014014,Chest Auscultation,2:22:30 PM,2:22:41 PM,
2014014,Chest Auscultation,2:27:51 PM,2:28:00 PM,
2014014,Chest Auscultation,2:29:23 PM,2:29:30 PM,
2014014,Decision to Intubate,2:32:19 PM,2:32:20 PM,
2014014,BVM,2:32:55 PM,2:42:25 PM,
2014014,Intubation Safety Timeout,2:33:00 PM,2:33:01 PM,
2014014,RSI Adjunct Meds,2:38:18 PM,2:38:28 PM,
2014014,RSI Sedative Meds,2:38:36 PM,2:38:40 PM,
2014014,Critical Window (3 minutes prior to laryngoscopy),2:39:35 PM,2:39:36 PM,
2014014,Laryngoscopy,2:42:35 PM,2:43:15 PM,
2014014,ET Tube Secured,2:43:01 PM,2:47:27 PM,
2014016,Patient Arrival,7:58:47 PM,7:58:48 PM,
2014016,NRB,7:58:47 PM,8:09:28 PM,
2014016,Chest Auscultation,8:04:28 PM,8:04:57 PM,
2014016,Breathing Verbalized,8:04:37 PM,8:04:38 PM,
2014016,Decision to Intubate,8:05:37 PM,8:05:38 PM,
2014016,Intubation Safety Timeout,8:05:37 PM,8:05:38 PM,
2014016,RSI Sedative Meds,8:07:44 PM,8:09:42 PM,
2014016,BVM,8:09:37 PM,8:13:45 PM,
2014016,RSI Sedative Meds,8:10:15 PM,8:10:53 PM,
2014016,Critical Window (3 minutes prior to laryngoscopy),8:10:50 PM,8:10:51 PM,
2014016,RSI Paralytic Meds,8:12:12 PM,8:12:34 PM,
2014016,Laryngoscopy,8:13:50 PM,8:14:33 PM,
2014016,ET Tube Secured,8:19:58 PM,8:20:58 PM,
2014017,Patient Arrival,6:03:52 PM,6:03:53 PM,
2014017,NRB,6:06:17 PM,6:32:38 PM,
2014017,RSI Sedative Meds,6:07:53 PM,6:08:32 PM,
2014017,Airway Assessment,6:10:17 PM,6:10:18 PM,
2014017,Chest Auscultation,6:10:41 PM,6:10:45 PM,
2014017,RSI Sedative Meds,6:13:56 PM,6:14:39 PM,
2014017,Chest Auscultation,6:21:52 PM,6:22:30 PM,
2014017,BVM,6:32:44 PM,6:41:25 PM,
2014017,Intubation Safety Timeout,6:33:20 PM,6:33:21 PM,
2014017,Decision to Intubate,6:33:33 PM,6:33:34 PM,
2014017,Breathing Verbalized,6:34:56 PM,6:34:57 PM,
2014017,RSI Sedative Meds,6:37:18 PM,6:37:42 PM,
2014017,Critical Window (3 minutes prior to laryngoscopy),6:38:31 PM,6:38:32 PM,
2014017,RSI Paralytic Meds,6:40:12 PM,6:40:20 PM,
2014017,Laryngoscopy,6:41:31 PM,6:42:11 PM,
2014017,ET Tube Secured,6:43:01 PM,6:44:29 PM,
2014020,Patient Arrival,8:43:46 AM,8:43:47 AM,
2014020,NRB,8:43:46 AM,8:47:05 AM,
2014020,Decision to Intubate,8:44:46 AM,8:44:47 AM,
2014020,BVM,8:47:12 AM,8:47:30 AM,
2014020,BVM,8:48:13 AM,8:56:40 AM,
2014020,Intubation Safety Timeout,8:48:41 AM,8:48:42 AM,
2014020,RSI Sedative Meds,8:49:48 AM,8:49:57 AM,
2014020,Critical Window (3 minutes prior to laryngoscopy),8:53:45 AM,8:53:46 AM,
2014020,RSI Adjunct Meds,8:53:50 AM,8:54:00 AM,
2014020,RSI Sedative Meds,8:55:12 AM,8:55:23 AM,
2014020,RSI Paralytic Meds,8:56:07 AM,8:56:17 AM,
2014020,Laryngoscopy,8:56:45 AM,8:57:25 AM,
2014020,ET Tube Secured,8:58:49 AM,9:01:48 AM,
2014021,Patient Arrival,8:43:44 PM,8:43:45 PM,
2014021,NRB,8:45:33 PM,8:58:37 PM,
2014021,Chest Auscultation,8:57:20 PM,8:57:47 PM,
2014021,Breathing Verbalized,8:57:37 PM,8:57:38 PM,
2014021,BVM,8:58:42 PM,9:14:42 PM,
2014021,Chest Auscultation,9:00:06 PM,9:00:20 PM,
2014021,Chest Auscultation,9:00:47 PM,9:00:52 PM,
2014021,Airway Verbalized,9:02:04 PM,9:02:05 PM,
2014021,Breathing Verbalized,9:02:05 PM,9:02:06 PM,
2014021,Breathing Verbalized,9:05:08 PM,9:05:09 PM,
2014021,Breathing Verbalized,9:07:03 PM,9:07:04 PM,
2014021,Decision to Intubate,9:07:29 PM,9:07:30 PM,
2014021,Chest Auscultation,9:09:35 PM,9:10:05 PM,
2014021,Critical Window (3 minutes prior to laryngoscopy),9:11:56 PM,9:11:57 PM,
2014021,RSI Sedative Meds,9:12:34 PM,9:12:50 PM,
2014021,RSI Sedative Meds,9:13:46 PM,9:13:51 PM,
2014021,RSI Paralytic Meds,9:14:09 PM,9:14:14 PM,
2014021,Laryngoscopy,9:14:56 PM,9:15:17 PM,
2014021,ET Tube Secured,9:16:25 PM,9:17:49 PM,
2014022,Patient Arrival,12:52:24 PM,12:52:25 PM,
2014022,NRB,12:52:24 PM,12:58:33 PM,
2014022,Chest Auscultation,12:54:28 PM,12:55:03 PM,
2014022,Chest Auscultation,12:54:43 PM,12:54:50 PM,
2014022,Decision to Intubate,12:58:22 PM,12:58:23 PM,
2014022,BVM,12:58:42 PM,1:02:10 PM,
2014022,Breathing Verbalized,12:58:53 PM,12:58:54 PM,
2014022,Critical Window (3 minutes prior to laryngoscopy),12:59:19 PM,12:59:20 PM,
2014022,Intubation Safety Timeout,1:01:02 PM,1:01:03 PM,
2014022,RSI Sedative Meds,1:01:29 PM,1:01:34 PM,
2014022,RSI Paralytic Meds,1:01:43 PM,1:01:51 PM,
2014022,Laryngoscopy,1:02:19 PM,1:02:35 PM,
2014022,ET Tube Secured,1:03:33 PM,1:03:57 PM,
2014023,Patient Arrival,9:46:03 AM,9:46:04 AM,
2014023,Airway Assessment,9:46:21 AM,9:46:28 AM,
2014023,NRB,9:46:34 AM,9:52:03 AM,
2014023,Chest Auscultation,9:47:12 AM,9:47:32 AM,
2014023,Chest Auscultation,9:47:15 AM,9:47:37 AM,
2014023,Airway Verbalized,9:48:33 AM,9:48:34 AM,
2014023,Airway Assessment,9:48:37 AM,9:48:39 AM,
2014023,Breathing Verbalized,9:48:50 AM,9:48:51 AM,
2014023,Chest Auscultation,9:48:55 AM,9:49:01 AM,
2014023,Chest Auscultation,9:51:56 AM,9:52:40 AM,
2014023,BVM,9:52:08 AM,9:55:21 AM,
2014023,Breathing Verbalized,9:53:56 AM,9:53:57 AM,
2014023,NRB,9:56:26 AM,10:02:59 AM,
2014023,Airway Verbalized,9:57:59 AM,9:58:00 AM,
2014023,Chest Auscultation,10:02:31 AM,10:02:51 AM,
2014023,Chest Auscultation,10:03:00 AM,10:04:06 AM,
2014023,BVM,10:03:06 AM,10:03:58 AM,
2014023,Airway Verbalized,10:03:20 AM,10:03:21 AM,
2014023,Breathing Verbalized,10:03:46 AM,10:03:47 AM,
2014023,NRB,10:03:59 AM,10:04:56 AM,
2014023,Breathing Verbalized,10:04:01 AM,10:04:02 AM,
2014023,NRB,10:05:24 AM,10:07:48 AM,
2014023,Chest Auscultation,10:06:29 AM,10:07:07 AM,
2014023,Decision to Intubate,10:07:38 AM,10:07:39 AM,
2014023,Breathing Verbalized,10:07:39 AM,10:07:40 AM,
2014023,BVM,10:07:54 AM,10:13:39 AM,
2014023,Chest Auscultation,10:10:13 AM,10:10:43 AM,
2014023,Chest Auscultation,10:11:37 AM,10:11:49 AM,
2014023,NRB,10:13:49 AM,10:16:37 AM,
2014023,Airway Assessment,10:16:27 AM,10:16:40 AM,
2014023,Critical Window (3 minutes prior to laryngoscopy),10:16:59 AM,10:17:00 AM,
2014023,RSI Sedative Meds,10:19:19 AM,10:19:23 AM,
2014023,RSI Paralytic Meds,10:19:27 AM,10:19:37 AM,
2014023,BVM,10:19:38 AM,10:19:52 AM,
2014023,Chest Auscultation,10:19:58 AM,10:21:00 AM,
2014023,Laryngoscopy,10:19:59 AM,10:20:15 AM,
2014023,ET Tube Secured,10:22:18 AM,10:24:04 AM,
2014024,Patient Arrival,9:19:47 AM,9:19:48 AM,
2014024,Chest Auscultation,9:20:28 AM,9:20:42 AM,
2014024,NRB,9:22:05 AM,9:31:16 AM,
2014024,Airway Assessment,9:23:48 AM,9:23:50 AM,
2014024,Airway Verbalized,9:23:50 AM,9:23:51 AM,
2014024,Intubation Safety Timeout,9:24:15 AM,9:24:16 AM,
2014024,Decision to Intubate,9:24:24 AM,9:24:25 AM,
2014024,Critical Window (3 minutes prior to laryngoscopy),9:28:27 AM,9:28:29 AM,
2014024,RSI Sedative Meds,9:30:41 AM,9:30:52 AM,
2014024,RSI Paralytic Meds,9:31:06 AM,9:31:10 AM,
2014024,BVM,9:31:20 AM,9:31:25 AM,
2014024,Laryngoscopy,9:31:27 AM,9:31:43 AM,
2014024,ET Tube Secured,9:37:02 AM,9:38:34 AM,
2014025,Patient Arrival,10:09:23 PM,10:09:24 PM,
2014025,Decision to Intubate,10:10:08 PM,10:10:09 PM,
2014025,Airway Assessment,10:13:20 PM,10:13:21 PM,
2014025,Airway Verbalized,10:13:30 PM,10:13:31 PM,
2014025,RSI Adjunct Meds,10:15:14 PM,10:15:44 PM,
2014025,Critical Window (3 minutes prior to laryngoscopy),10:16:26 PM,10:16:27 PM,
2014025,RSI Sedative Meds,10:17:43 PM,10:17:51 PM,
2014025,RSI Paralytic Meds,10:18:18 PM,10:18:24 PM,
2014025,BVM,10:18:30 PM,10:19:11 PM,
2014025,Laryngoscopy,10:19:26 PM,10:20:00 PM,
2014025,ET Tube Secured,10:20:02 PM,10:23:12 PM,
2014026,Patient Arrival,11:05:00 PM,11:05:01 PM,
2014026,NRB,11:05:19 PM,11:18:32 PM,
2014026,Airway Assessment,11:05:31 PM,11:05:36 PM,
2014026,Chest Auscultation,11:09:52 PM,11:10:03 PM,
2014026,Airway Assessment,11:10:07 PM,11:10:34 PM,
2014026,Airway Assessment,11:15:10 PM,,
2014026,Decision to Intubate,11:16:09 PM,11:16:10 PM,
2014026,NRB,11:20:24 PM,11:23:06 PM,
2014026,Airway Verbalized,11:21:27 PM,11:21:28 PM,
2014026,Intubation Safety Timeout,11:21:42 PM,11:21:43 PM,
2014026,Critical Window (3 minutes prior to laryngoscopy),11:22:01 PM,11:22:02 PM,
2014026,BVM,11:23:13 PM,11:23:52 PM,
2014026,RSI Sedative Meds,11:23:23 PM,11:23:31 PM,
2014026,RSI Paralytic Meds,11:23:34 PM,11:23:37 PM,
2014026,Airway Assessment,11:23:59 PM,11:24:12 PM,
2014026,BVM,11:24:14 PM,11:24:57 PM,
2014026,Laryngoscopy,11:25:01 PM,11:25:32 PM,
2014026,ET Tube Secured,11:27:30 PM,11:29:10 PM,
2014027,Patient Arrival,1:44:45 PM,1:44:46 PM,
2014027,NRB,1:44:45 PM,1:59:57 PM,
2014027,Breathing Verbalized,1:45:23 PM,1:45:25 PM,
2014027,Chest Auscultation,1:46:48 PM,1:47:08 PM,
2014027,Breathing Verbalized,1:48:55 PM,1:48:56 PM,
2014027,Chest Auscultation,1:53:04 PM,1:53:10 PM,
2014027,Critical Window (3 minutes prior to laryngoscopy),1:59:04 PM,1:59:05 PM,
2014027,BVM,2:00:03 PM,2:01:51 PM,
2014027,Intubation Safety Timeout,2:00:25 PM,2:00:26 PM,
2014027,RSI Sedative Meds,2:00:55 PM,2:01:05 PM,
2014027,RSI Paralytic Meds,2:01:10 PM,2:01:17 PM,
2014027,Laryngoscopy,2:02:04 PM,2:03:01 PM,
2014027,ET Tube Secured,2:04:30 PM,2:05:42 PM,
2014030,Patient Arrival,12:54:20 PM,12:54:21 PM,
2014030,Airway Assessment,12:54:33 PM,12:54:36 PM,
2014030,BVM,12:54:38 PM,1:06:39 PM,
2014030,Breathing Verbalized,12:55:42 PM,12:55:45 PM,
2014030,Decision to Intubate,12:55:52 PM,12:55:53 PM,
2014030,Chest Auscultation,12:56:35 PM,12:56:45 PM,
2014030,Chest Auscultation,12:58:47 PM,12:58:52 PM,
2014030,Breathing Verbalized,1:00:25 PM,1:00:27 PM,
2014030,Critical Window (3 minutes prior to laryngoscopy),1:03:39 PM,1:03:40 PM,
2014030,Breathing Verbalized,1:05:19 PM,1:05:21 PM,
2014030,RSI Sedative Meds,1:06:00 PM,1:06:03 PM,
2014030,RSI Sedative Meds,1:06:07 PM,1:06:09 PM,
2014030,RSI Paralytic Meds,1:06:12 PM,1:06:15 PM,
2014030,Laryngoscopy,1:06:49 PM,1:07:15 PM,
2014030,ET Tube Secured,1:12:44 PM,1:13:22 PM,
2014031,RSI Paralytic Meds,2:00:03 PM,3:00:07 PM,
2014031,Patient Arrival,2:52:28 PM,2:52:29 PM,
2014031,Airway Assessment,2:55:08 PM,2:55:10 PM,
2014031,Intubation Safety Timeout,2:56:34 PM,2:56:34 PM,
2014031,Critical Window (3 minutes prior to laryngoscopy),2:57:36 PM,2:57:37 PM,
2014031,BVM,2:57:43 PM,3:00:27 PM,
2014031,RSI Sedative Meds,2:59:26 PM,2:59:36 PM,
2014031,Laryngoscopy,3:00:36 PM,3:00:52 PM,
2014031,ET Tube Secured,3:05:01 PM,3:05:33 PM,
2014033,Patient Arrival,9:16:16 AM,9:16:17 AM,
2014033,NRB,9:16:16 AM,9:17:27 AM,
2014033,Airway Assessment,9:16:50 AM,9:16:58 AM,
2014033,Chest Auscultation,9:17:53 AM,9:18:33 AM,
2014033,Breathing Verbalized,9:18:46 AM,9:18:47 AM,
2014033,NRB,9:18:54 AM,9:35:38 AM,
2014033,Chest Auscultation,9:20:35 AM,9:22:07 AM,
2014033,Chest Auscultation,9:23:35 AM,9:23:45 AM,
2014033,BVM,9:25:48 AM,9:41:27 AM,
2014033,Airway Assessment,9:25:55 AM,9:25:57 AM,
2014033,Chest Auscultation,9:26:30 AM,9:27:19 AM,
2014033,Breathing Verbalized,9:27:26 AM,9:27:32 AM,
2014033,Chest Auscultation,9:27:29 AM,9:27:40 AM,
2014033,Chest Auscultation,9:29:39 AM,9:29:46 AM,
2014033,Chest Auscultation,9:30:48 AM,,
2014033,Chest Auscultation,9:31:52 AM,9:32:03 AM,
2014033,Breathing Verbalized,9:33:00 AM,9:33:07 AM,
2014033,Chest Auscultation,9:34:38 AM,9:35:06 AM,
2014033,Chest Auscultation,9:36:29 AM,9:36:47 AM,
2014033,Chest Auscultation,9:36:31 AM,9:37:00 AM,
2014033,Decision to Intubate,9:37:08 AM,9:37:09 AM,
2014033,Breathing Verbalized,9:37:19 AM,9:37:20 AM,
2014033,RSI Sedative Meds,9:37:48 AM,9:37:50 AM,
2014033,RSI Sedative Meds,9:38:06 AM,9:38:13 AM,
2014033,Critical Window (3 minutes prior to laryngoscopy),9:38:34 AM,9:38:35 AM,
2014033,Breathing Verbalized,9:39:24 AM,9:39:25 AM,
2014033,Chest Auscultation,9:39:35 AM,9:39:42 AM,
2014033,RSI Paralytic Meds,9:40:28 AM,9:40:31 AM,
2014033,Laryngoscopy,9:41:34 AM,9:42:00 AM,
2014033,ET Tube Secured,9:43:27 AM,9:44:13 AM,
2015001,Patient Arrival,2:09:50 AM,2:09:51 AM,
2015001,NRB,2:09:50 AM,2:25:48 AM,
2015001,Chest Auscultation,2:10:14 AM,2:10:22 AM,
2015001,Chest Auscultation,2:11:03 AM,2:11:39 AM,
2015001,Chest Auscultation,2:11:10 AM,2:11:33 AM,
2015001,Decision to Intubate,2:12:37 AM,2:12:38 AM,
2015001,Chest Auscultation,2:18:14 AM,2:18:17 AM,
2015001,Chest Auscultation,2:18:34 AM,2:18:42 AM,
2015001,Chest Auscultation,2:21:55 AM,2:22:10 AM,
2015001,Breathing Verbalized,2:22:50 AM,2:22:51 AM,
2015001,Chest Auscultation,2:24:11 AM,2:24:21 AM,
2015001,BVM,2:25:49 AM,,
2015001,Chest Auscultation,2:26:43 AM,2:26:57 AM,
2015001,Critical Window (3 minutes prior to laryngoscopy),2:26:47 AM,2:26:48 AM,
2015001,RSI Sedative Meds,2:27:32 AM,2:27:45 AM,
2015001,RSI Paralytic Meds,2:27:57 AM,2:28:02 AM,
2015001,Laryngoscopy,2:29:47 AM,2:30:10 AM,
2015001,ET Tube Secured,2:34:37 AM,2:36:53 AM,
2015002,Patient Arrival,5:12:30 AM,5:12:31 AM,
2015002,BVM,5:12:30 AM,5:20:28 AM,
2015002,Decision to Intubate,5:14:16 AM,5:14:17 AM,
2015002,Intubation Safety Timeout,5:16:32 AM,5:16:33 AM,
2015002,Critical Window (3 minutes prior to laryngoscopy),5:17:53 AM,5:17:54 AM,
2015002,RSI Sedative Meds,5:19:17 AM,5:19:23 AM,
2015002,RSI Paralytic Meds,5:19:30 AM,5:19:32 AM,
2015002,Laryngoscopy,5:20:53 AM,5:21:11 AM,
2015002,ET Tube Secured,5:22:50 AM,5:24:16 AM,
2015003,Patient Arrival,5:02:29 PM,5:02:30 PM,
2015003,BVM,5:02:29 PM,5:02:45 PM,
2015003,BVM,5:02:55 PM,5:03:37 PM,
2015003,Chest Auscultation,5:03:51 PM,5:03:56 PM,
2015003,BVM,5:04:15 PM,5:07:45 PM,
2015003,Chest Auscultation,5:08:33 PM,5:08:46 PM,
2015003,Chest Auscultation,5:11:10 PM,5:11:15 PM,
2015003,Decision to Intubate,5:11:59 PM,5:12:00 PM,
2015003,Intubation Safety Timeout,5:33:25 PM,5:33:50 PM,
2015003,RSI Adjunct Meds,5:33:47 PM,5:33:53 PM,
2015003,BVM,5:33:51 PM,5:35:19 PM,
2015003,Chest Auscultation,5:33:58 PM,5:33:26 PM,
2015003,Critical Window (3 minutes prior to laryngoscopy),5:34:06 PM,5:34:07 PM,
2015003,RSI Sedative Meds,5:34:37 PM,5:34:53 PM,
2015003,BVM,5:36:01 PM,5:37:03 PM,
2015003,RSI Sedative Meds,5:36:02 PM,5:36:05 PM,
2015003,Laryngoscopy,5:37:06 PM,5:38:23 PM,
2015003,ET Tube Secured,5:46:45 PM,5:48:35 PM,
2015004,Patient Arrival,7:08:54 PM,7:08:55 PM,
2015004,Airway Assessment,7:09:55 PM,7:09:57 PM,
2015004,Breathing Verbalized,7:09:55 PM,7:09:56 PM,
2015004,Chest Auscultation,7:09:56 PM,7:10:43 PM,
2015004,Chest Auscultation,7:10:45 PM,7:11:33 PM,
2015004,NRB,7:13:01 PM,7:14:09 PM,
2015004,NRB,7:14:27 PM,7:16:22 PM,
2015004,Decision to Intubate,7:15:15 PM,7:15:16 PM,
2015004,Airway Assessment,7:16:25 PM,7:16:31 PM,
2015004,BVM,7:16:31 PM,7:27:02 PM,
2015004,Airway Assessment,7:19:10 PM,7:19:13 PM,
2015004,RSI Sedative Meds,7:20:10 PM,7:20:36 PM,
2015004,Intubation Safety Timeout,7:21:24 PM,7:21:25 PM,
2015004,Critical Window (3 minutes prior to laryngoscopy),7:24:05 PM,7:24:06 PM,
2015004,RSI Sedative Meds,7:24:28 PM,7:24:54 PM,
2015004,RSI Adjunct Meds,7:25:14 PM,7:25:25 PM,
2015004,RSI Paralytic Meds,7:25:38 PM,7:26:02 PM,
2015004,Laryngoscopy,7:27:05 PM,7:27:30 PM,
2015004,ET Tube Secured,7:34:39 PM,7:37:41 PM,
2015006,Patient Arrival,10:58:46 AM,10:58:47 AM,
2015006,NRB,10:58:46 AM,10:59:09 AM,
2015006,BVM,10:59:42 AM,11:12:49 AM,
2015006,Decision to Intubate,11:00:04 AM,11:00:05 AM,
2015006,Chest Auscultation,11:00:11 AM,11:00:24 AM,
2015006,Chest Auscultation,11:00:15 AM,11:00:30 AM,
2015006,Airway Verbalized,11:00:32 AM,11:00:33 AM,
2015006,Airway Verbalized,11:02:21 AM,11:02:22 AM,
2015006,Chest Auscultation,11:05:01 AM,11:05:07 AM,
2015006,Critical Window (3 minutes prior to laryngoscopy),11:09:56 AM,11:09:57 AM,
2015006,RSI Adjunct Meds,11:11:15 AM,11:11:24 AM,
2015006,RSI Sedative Meds,11:12:04 AM,11:12:06 AM,
2015006,RSI Paralytic Meds,11:12:09 AM,11:12:12 AM,
2015006,RSI Sedative Meds,11:12:16 AM,11:12:17 AM,
2015006,Laryngoscopy,11:12:56 AM,11:13:14 AM,
2015006,ET Tube Secured,11:17:35 AM,11:19:07 AM,
2015007,Patient Arrival,1:04:15 AM,1:04:16 AM,
2015007,Chest Auscultation,1:05:22 AM,1:05:46 AM,
2015007,NRB,1:05:49 AM,11:34:23 AM,
2015007,RSI Adjunct Meds,1:20:09 AM,1:20:16 AM,
2015007,Chest Auscultation,1:27:25 AM,1:27:34 AM,
2015007,BVM,1:34:27 AM,1:47:47 AM,
2015007,RSI Adjunct Meds,1:35:23 AM,1:35:25 AM,
2015007,Decision to Intubate,1:35:27 AM,1:35:28 AM,
2015007,Chest Auscultation,1:48:21 AM,1:48:24 AM,
2015007,BVM,1:49:26 AM,1:55:49 AM,
2015007,Chest Auscultation,1:50:29 AM,1:50:43 AM,
2015007,RSI Adjunct Meds,1:50:59 AM,1:51:09 AM,
2015007,Critical Window (3 minutes prior to laryngoscopy),1:52:56 AM,1:52:57 AM,
2015007,Laryngoscopy,1:55:56 AM,1:55:05 AM,
2015007,RSI Paralytic Meds,1:56:19 AM,1:56:27 AM,
2015007,RSI Sedative Meds,1:56:31 AM,1:56:44 AM,
2015007,ET Tube Secured,2:00:26 AM,2:01:51 AM,
2015008,Patient Arrival,6:48:33 PM,6:48:34 PM,
2015008,Airway Assessment,6:50:37 PM,6:50:39 PM,
2015008,Airway Verbalized,6:50:50 PM,6:50:51 PM,
2015008,Breathing Verbalized,6:53:21 PM,6:53:22 PM,
2015008,Decision to Intubate,6:53:39 PM,6:53:40 PM,
2015008,Intubation Safety Timeout,6:56:24 PM,6:56:25 PM,
2015008,Chest Auscultation,6:57:05 PM,6:57:22 PM,
2015008,Critical Window (3 minutes prior to laryngoscopy),6:57:08 PM,6:57:09 PM,
2015008,NRB,6:57:21 PM,,
2015008,RSI Sedative Meds,6:57:59 PM,6:58:03 PM,
2015008,RSI Adjunct Meds,6:58:55 PM,6:58:58 PM,
2015008,RSI Paralytic Meds,6:59:17 PM,6:59:20 PM,
2015008,Laryngoscopy,7:00:08 PM,7:01:25 PM,
2015008,ET Tube Secured,7:05:09 PM,7:06:20 PM,
2015009,Patient Arrival,4:05:29 AM,4:05:30 AM,
2015009,NRB,4:05:29 AM,4:09:45 AM,
2015009,Chest Auscultation,4:06:26 AM,4:06:40 AM,
2015009,Breathing Verbalized,4:06:53 AM,4:06:56 AM,
2015009,Chest Auscultation,4:08:07 AM,4:08:20 AM,
2015009,Breathing Verbalized,4:09:09 AM,4:09:11 AM,
2015009,BVM,4:09:51 AM,4:12:55 AM,
2015009,Breathing Verbalized,4:13:00 AM,4:13:02 AM,
2015009,BVM,4:13:21 AM,4:14:20 AM,
2015009,BVM,4:14:32 AM,4:16:35 AM,
2015009,BVM,4:17:23 AM,4:18:13 AM,
2015009,Chest Auscultation,4:18:40 AM,4:18:58 AM,
2015009,BVM,4:18:44 AM,4:19:12 AM,
2015009,Chest Auscultation,4:19:33 AM,4:20:00 AM,
2015009,Breathing Verbalized,4:20:41 AM,4:20:42 AM,
2015009,BVM,4:20:57 AM,4:28:36 AM,
2015009,Decision to Intubate,4:21:01 AM,4:21:02 AM,
2015009,Intubation Safety Timeout,4:24:12 AM,4:24:13 AM,
2015009,Breathing Verbalized,4:25:28 AM,4:25:29 AM,
2015009,Critical Window (3 minutes prior to laryngoscopy),4:26:37 AM,4:26:38 AM,
2015009,RSI Sedative Meds,4:27:30 AM,4:27:40 AM,
2015009,RSI Paralytic Meds,4:27:54 AM,4:28:08 AM,
2015009,BVM,4:28:57 AM,4:29:18 AM,
2015009,Laryngoscopy,4:29:37 AM,4:30:55 AM,
2015009,RSI Sedative Meds,4:38:43 AM,4:39:48 AM,
2015009,ET Tube Secured,4:39:46 AM,4:43:47 AM,
2015009,RSI Paralytic Meds,4:40:31 AM,4:41:07 AM,
2015010,Patient Arrival,4:48:00 AM,4:48:01 AM,
2015010,Patient Arrival,4:48:00 AM,4:48:01 AM,
2015010,Patient Arrival,4:48:00 AM,4:48:01 AM,
2015010,Chest Auscultation,4:48:55 AM,4:48:57 AM,
2015010,Chest Auscultation,4:48:55 AM,4:48:58 AM,
2015010,Chest Auscultation,4:48:55 AM,4:48:57 AM,
2015010,Breathing Verbalized,4:49:09 AM,4:49:10 AM,
2015010,Breathing Verbalized,4:49:09 AM,4:49:10 AM,
2015010,BVM,4:50:05 AM,5:22:28 AM,
2015010,BVM,4:50:05 AM,5:22:28 AM,
2015010,BVM,4:50:06 AM,5:22:28 AM,
2015010,Chest Auscultation,4:51:36 AM,4:52:12 AM,
2015010,Chest Auscultation,4:51:37 AM,4:52:12 AM,
2015010,Chest Auscultation,4:51:37 AM,4:52:12 AM,
2015010,Decision to Intubate,4:52:17 AM,4:52:18 AM,
2015010,Decision to Intubate,4:52:17 AM,4:52:18 AM,
2015010,Decision to Intubate,4:52:19 AM,4:52:20 AM,
2015010,Chest Auscultation,4:52:53 AM,4:53:09 AM,
2015010,Chest Auscultation,4:52:53 AM,4:53:09 AM,
2015010,Chest Auscultation,4:52:53 AM,4:53:09 AM,
2015010,Airway Verbalized,5:04:30 AM,5:04:33 AM,
2015010,Airway Verbalized,5:04:30 AM,5:04:33 AM,
2015010,Airway Verbalized,5:04:30 AM,5:04:33 AM,
2015010,Chest Auscultation,5:06:10 AM,5:06:20 AM,
2015010,Chest Auscultation,5:06:10 AM,5:06:20 AM,
2015010,Chest Auscultation,5:06:11 AM,5:06:20 AM,
2015010,RSI Adjunct Meds,5:19:11 AM,5:19:17 AM,
2015010,RSI Adjunct Meds,5:19:12 AM,5:19:17 AM,
2015010,RSI Adjunct Meds,5:19:12 AM,5:19:17 AM,
2015010,RSI Sedative Meds,5:19:29 AM,5:20:05 AM,
2015010,RSI Sedative Meds,5:19:29 AM,5:20:05 AM,
2015010,RSI Sedative Meds,5:19:29 AM,5:20:05 AM,
2015010,Critical Window (3 minutes prior to laryngoscopy),5:19:41 AM,5:19:42 AM,
2015010,Critical Window (3 minutes prior to laryngoscopy),5:19:41 AM,5:19:42 AM,
2015010,Critical Window (3 minutes prior to laryngoscopy),5:19:41 AM,5:19:42 AM,
2015010,RSI Paralytic Meds,5:20:50 AM,5:21:01 AM,
2015010,RSI Paralytic Meds,5:20:50 AM,5:21:00 AM,
2015010,RSI Paralytic Meds,5:20:50 AM,5:21:01 AM,
2015010,Laryngoscopy,5:22:41 AM,5:22:58 AM,
2015010,Laryngoscopy,5:22:41 AM,5:22:58 AM,
2015010,Laryngoscopy,5:22:41 AM,5:22:58 AM,
2015010,ET Tube Secured,5:24:30 AM,5:26:52 AM,
2015010,ET Tube Secured,5:24:30 AM,5:26:52 AM,
2015010,ET Tube Secured,5:24:30 AM,5:26:52 AM,
2015012,Patient Arrival,10:46:28 PM,10:46:29 PM,
2015012,NRB,10:48:10 PM,10:51:56 PM,
2015012,NRB,10:52:19 PM,11:41:25 PM,
2015012,Chest Auscultation,10:53:12 PM,10:53:24 PM,
2015012,Breathing Verbalized,10:53:14 PM,10:53:15 PM,
2015012,Chest Auscultation,11:07:03 PM,11:07:32 PM,
2015012,Decision to Intubate,11:12:03 PM,9:12:04 PM,
2015012,Intubation Safety Timeout,11:13:10 PM,11:13:11 PM,
2015012,Chest Auscultation,11:15:19 PM,11:15:34 PM,
2015012,Breathing Verbalized,11:17:47 PM,11:17:48 PM,
2015012,Critical Window (3 minutes prior to laryngoscopy),11:40:19 PM,11:40:20 PM,
2015012,RSI Sedative Meds,11:41:14 PM,11:41:16 PM,
2015012,RSI Sedative Meds,11:41:27 PM,11:41:52 PM,
2015012,RSI Paralytic Meds,11:42:09 PM,11:42:28 PM,
2015012,BVM,11:42:23 PM,11:43:09 PM,
2015012,Laryngoscopy,11:43:19 PM,11:44:36 PM,
2015012,ET Tube Secured,11:46:06 PM,11:47:46 PM,
2015013,Patient Arrival,1:57:18 AM,1:57:19 AM,
2015013,NRB,1:58:16 AM,2:02:17 AM,
2015013,Decision to Intubate,1:58:55 AM,1:58:56 AM,
2015013,NRB,2:02:28 AM,2:05:36 AM,
2015013,Airway Verbalized,2:03:11 AM,2:03:12 AM,
2015013,Intubation Safety Timeout,2:03:18 AM,2:03:19 AM,
2015013,Breathing Verbalized,2:04:41 AM,2:04:42 AM,
2015013,Critical Window (3 minutes prior to laryngoscopy),2:05:25 AM,2:05:26 AM,
2015013,RSI Sedative Meds,2:05:30 AM,2:05:41 AM,
2015013,BVM,2:05:48 AM,2:06:54 AM,
2015013,RSI Paralytic Meds,2:06:12 AM,2:06:23 AM,
2015013,Laryngoscopy,2:08:25 AM,2:08:42 AM,
2015013,ET Tube Secured,2:12:10 AM,2:13:56 AM,
2015013,RSI Adjunct Meds,2:19:41 AM,2:20:19 AM,
2015014,Patient Arrival,4:33:43 AM,4:33:35 AM,
2015014,NRB,4:33:43 AM,4:34:43 AM,
2015014,Chest Auscultation,4:34:37 AM,4:34:52 AM,
2015014,BVM,4:34:45 AM,4:36:04 AM,
2015014,Airway Assessment,4:36:01 AM,4:36:03 AM,
2015014,Airway Verbalized,4:36:06 AM,4:36:07 AM,
2015014,Breathing Verbalized,4:36:07 AM,4:36:08 AM,
2015014,NRB,4:36:09 AM,4:44:08 AM,
2015014,Chest Auscultation,4:36:26 AM,4:36:39 AM,
2015014,Chest Auscultation,4:38:16 AM,4:38:34 AM,
2015014,Decision to Intubate,4:38:58 AM,4:38:59 AM,
2015014,Intubation Safety Timeout,4:43:19 AM,4:43:20 AM,
2015014,Critical Window (3 minutes prior to laryngoscopy),4:43:29 AM,4:43:30 AM,
2015014,BVM,4:44:09 AM,4:46:24 AM,
2015014,RSI Sedative Meds,4:44:17 AM,4:44:29 AM,
2015014,RSI Sedative Meds,4:44:39 AM,4:44:51 AM,
2015014,RSI Paralytic Meds,4:45:02 AM,4:45:22 AM,
2015014,Breathing Verbalized,4:45:57 AM,4:45:58 AM,
2015014,Laryngoscopy,4:46:29 AM,4:46:55 AM,
2015014,ET Tube Secured,4:48:42 AM,4:48:54 AM,
2015016,Patient Arrival,4:55:36 AM,4:55:37 AM,
2015016,Chest Auscultation,4:56:33 AM,4:56:59 AM,
2015016,NRB,4:56:36 AM,5:00:29 AM,
2015016,Breathing Verbalized,4:57:58 AM,4:57:58 AM,
2015016,Airway Verbalized,4:59:51 AM,4:59:52 AM,
2015016,Breathing Verbalized,4:59:55 AM,4:59:56 AM,
2015016,BVM,5:00:34 AM,5:08:40 AM,
2015016,Chest Auscultation,5:00:44 AM,5:01:14 AM,
2015016,Chest Auscultation,5:01:31 AM,5:01:49 AM,
2015016,Chest Auscultation,5:04:29 AM,5:04:45 AM,
2015016,Chest Auscultation,5:04:33 AM,5:04:36 AM,
2015016,Decision to Intubate,5:04:42 AM,5:04:43 AM,
2015016,Chest Auscultation,5:05:59 AM,5:06:29 AM,
2015016,Critical Window (3 minutes prior to laryngoscopy),5:07:41 AM,5:07:42 AM,
2015016,Intubation Safety Timeout,5:08:09 AM,5:09:40 AM,
2015016,BVM,5:09:04 AM,5:10:33 AM,
2015016,RSI Sedative Meds,5:09:40 AM,5:09:44 AM,
2015016,RSI Paralytic Meds,5:09:48 AM,5:09:51 AM,
2015016,RSI Adjunct Meds,5:09:54 AM,5:09:57 AM,
2015016,Laryngoscopy,5:10:41 AM,5:11:13 AM,
2015016,ET Tube Secured,5:12:43 AM,5:13:59 AM,
2015018,Decision to Intubate,12:01:30 AM,12:01:31 AM,
2015018,Critical Window (3 minutes prior to laryngoscopy),12:04:48 AM,12:04:49 AM,
2015018,RSI Paralytic Meds,12:06:54 AM,12:07:00 AM,
2015018,RSI Sedative Meds,12:07:19 AM,12:07:26 AM,
2015018,ET Tube Secured,12:14:27 AM,12:15:51 AM,
2015018,Patient Arrival,11:53:14 PM,11:53:15 PM,
2015018,BVM,11:53:14 PM,11:53:25 PM,
2015018,Chest Auscultation,11:54:42 PM,11:55:00 PM,
2015018,Breathing Verbalized,11:55:24 PM,11:55:25 PM,
2015018,Chest Auscultation,11:57:13 PM,11:57:27 PM,
2015018,Breathing Verbalized,11:57:26 PM,11:57:27 PM,
2015018,RSI Sedative Meds,11:59:59 PM,12:00:23 AM,
2015018,Laryngoscopy,12:07:48 AM,12:08:53 AM,
2015019,Patient Arrival,6:11:31 AM,6:11:32 AM,
2015019,NRB,6:11:31 AM,6:25:47 AM,
2015019,Patient Arrival,6:11:31 AM,6:11:32 AM,
2015019,NRB,6:11:31 AM,6:25:48 AM,
2015019,Patient Arrival,6:11:31 AM,6:11:32 AM,
2015019,NRB,6:11:31 AM,6:25:47 AM,
2015019,Decision to Intubate,6:13:33 AM,6:13:34 AM,
2015019,Decision to Intubate,6:13:33 AM,6:13:34 AM,
2015019,Decision to Intubate,6:13:34 AM,6:13:35 AM,
2015019,Intubation Safety Timeout,6:14:07 AM,6:14:08 AM,
2015019,Intubation Safety Timeout,6:14:07 AM,6:14:08 AM,
2015019,Intubation Safety Timeout,6:14:09 AM,6:14:10 AM,
2015019,Breathing Verbalized,6:14:30 AM,6:14:33 AM,
2015019,Breathing Verbalized,6:14:31 AM,6:14:33 AM,
2015019,Breathing Verbalized,6:14:31 AM,6:14:33 AM,
2015019,Airway Verbalized,6:14:36 AM,6:14:38 AM,
2015019,Airway Verbalized,6:14:36 AM,6:14:38 AM,
2015019,Airway Verbalized,6:14:36 AM,6:14:38 AM,
2015019,Critical Window (3 minutes prior to laryngoscopy),6:23:05 AM,6:23:06 AM,
2015019,Critical Window (3 minutes prior to laryngoscopy),6:23:05 AM,6:23:06 AM,
2015019,Critical Window (3 minutes prior to laryngoscopy),6:23:05 AM,6:23:06 AM,
2015019,RSI Sedative Meds,6:23:07 AM,6:23:55 AM,
2015019,RSI Sedative Meds,6:23:07 AM,6:23:55 AM,
2015019,RSI Sedative Meds,6:23:08 AM,6:23:54 AM,
2015019,RSI Sedative Meds,6:24:13 AM,6:24:33 AM,
2015019,RSI Sedative Meds,6:24:13 AM,6:24:33 AM,
2015019,RSI Sedative Meds,6:24:15 AM,6:24:33 AM,
2015019,RSI Paralytic Meds,6:24:56 AM,6:25:46 AM,
2015019,RSI Paralytic Meds,6:24:56 AM,6:25:46 AM,
2015019,RSI Paralytic Meds,6:24:57 AM,6:25:46 AM,
2015019,Laryngoscopy,6:26:05 AM,6:27:05 AM,
2015019,Laryngoscopy,6:26:05 AM,6:27:05 AM,
2015019,Laryngoscopy,6:26:05 AM,6:27:05 AM,
2015019,ET Tube Secured,6:29:58 AM,6:31:42 AM,
2015019,ET Tube Secured,6:30:01 AM,6:31:40 AM,
2015019,ET Tube Secured,6:30:01 AM,6:31:40 AM,
2015020,Patient Arrival,11:00:27 PM,11:00:28 PM,
2015020,Patient Arrival,11:00:28 PM,11:00:29 PM,
2015020,Patient Arrival,11:00:28 PM,11:00:29 PM,
2015020,Decision to Intubate,11:00:46 PM,11:00:47 PM,
2015020,Decision to Intubate,11:00:46 PM,11:00:47 PM,
2015020,Decision to Intubate,11:00:46 PM,11:00:47 PM,
2015020,Airway Assessment,11:02:38 PM,11:02:40 PM,
2015020,Airway Assessment,11:02:39 PM,11:02:42 PM,
2015020,Airway Assessment,11:02:39 PM,11:02:42 PM,
2015020,NRB,11:03:53 PM,11:10:19 PM,
2015020,NRB,11:03:53 PM,11:10:18 PM,
2015020,NRB,11:03:53 PM,11:10:19 PM,
2015020,RSI Adjunct Meds,11:07:14 PM,11:07:22 PM,
2015020,RSI Adjunct Meds,11:07:14 PM,11:07:22 PM,
2015020,RSI Adjunct Meds,11:07:14 PM,11:07:22 PM,
2015020,Airway Verbalized,11:08:40 PM,11:08:41 PM,
2015020,Airway Verbalized,11:08:40 PM,11:08:41 PM,
2015020,Airway Verbalized,11:08:40 PM,11:08:41 PM,
2015020,NRB,11:10:46 PM,11:11:05 PM,
2015020,NRB,11:10:50 PM,11:11:05 PM,
2015020,NRB,11:10:50 PM,11:11:05 PM,
2015020,NRB,11:11:39 PM,11:14:33 PM,
2015020,Critical Window (3 minutes prior to laryngoscopy),11:11:40 PM,11:11:41 PM,
2015020,Critical Window (3 minutes prior to laryngoscopy),11:11:40 PM,11:11:41 PM,
2015020,Critical Window (3 minutes prior to laryngoscopy),11:11:40 PM,11:11:41 PM,
2015020,NRB,11:11:40 PM,11:14:33 PM,
2015020,NRB,11:11:40 PM,11:14:33 PM,
2015020,RSI Sedative Meds,11:13:58 PM,11:14:00 PM,
2015020,RSI Sedative Meds,11:13:58 PM,11:14:00 PM,
2015020,RSI Sedative Meds,11:13:59 PM,11:14:00 PM,
2015020,RSI Sedative Meds,11:14:11 PM,11:14:16 PM,
2015020,RSI Sedative Meds,11:14:11 PM,11:14:16 PM,
2015020,RSI Sedative Meds,11:14:12 PM,11:14:16 PM,
2015020,RSI Paralytic Meds,11:14:28 PM,11:14:31 PM,
2015020,RSI Paralytic Meds,11:14:28 PM,11:14:31 PM,
2015020,RSI Paralytic Meds,11:14:30 PM,11:14:32 PM,
2015020,Laryngoscopy,11:14:40 PM,11:15:30 PM,
2015020,Laryngoscopy,11:14:40 PM,11:15:31 PM,
2015020,Laryngoscopy,11:14:40 PM,11:15:30 PM,
2015020,ET Tube Secured,11:24:57 PM,11:26:44 PM,
2015020,ET Tube Secured,11:24:57 PM,11:26:44 PM,
2015020,ET Tube Secured,11:34:59 PM,11:26:42 PM,
2015023,Patient Arrival,2:03:18 PM,2:03:19 PM,
2015023,BVM,2:03:18 PM,2:04:50 PM,
2015023,Critical Window (3 minutes prior to laryngoscopy),2:04:32 PM,2:04:33 PM,
2015023,Chest Auscultation,2:05:37 PM,2:06:01 PM,
2015023,Decision to Intubate,2:06:19 PM,2:06:20 PM,
2015023,RSI Sedative Meds,2:06:36 PM,2:06:45 PM,
2015023,RSI Paralytic Meds,2:06:51 PM,2:07:04 PM,
2015023,Laryngoscopy,2:07:32 PM,2:08:00 PM,
2015023,ET Tube Secured,2:08:43 PM,2:10:03 PM,
2015024,Patient Arrival,6:54:35 PM,6:54:36 PM,
2015024,NRB,6:54:35 PM,7:06:04 PM,
2015024,Chest Auscultation,6:57:57 PM,6:58:22 PM,
2015024,BVM,7:06:28 PM,7:06:40 PM,
2015024,Decision to Intubate,7:06:37 PM,7:06:38 PM,
2015024,BVM,7:07:05 PM,7:14:58 PM,
2015024,Breathing Verbalized,7:10:34 PM,7:10:35 PM,
2015024,Intubation Safety Timeout,7:10:47 PM,7:10:48 PM,
2015024,Breathing Verbalized,7:11:19 PM,7:11:20 PM,
2015024,Critical Window (3 minutes prior to laryngoscopy),7:12:08 PM,7:12:09 PM,
2015024,RSI Sedative Meds,7:13:39 PM,7:13:41 PM,
2015024,RSI Sedative Meds,7:13:47 PM,7:13:48 PM,
2015024,RSI Paralytic Meds,7:13:53 PM,7:13:54 PM,
2015024,Laryngoscopy,7:15:08 PM,7:15:45 PM,
2015024,ET Tube Secured,7:20:02 PM,7:26:09 PM,
2015025,Patient Arrival,10:26:25 AM,10:26:26 AM,
2015025,NRB,10:26:25 AM,10:27:25 AM,
2015025,Airway Assessment,10:26:40 AM,10:26:42 AM,
2015025,Chest Auscultation,10:27:02 AM,10:27:18 AM,
2015025,Airway Verbalized,10:27:28 AM,10:27:29 AM,
2015025,Breathing Verbalized,10:27:29 AM,10:27:34 AM,
2015025,NRB,10:27:38 AM,10:30:56 AM,
2015025,Chest Auscultation,10:31:03 AM,10:31:15 AM,
2015025,NRB,10:31:16 AM,10:34:10 AM,
2015025,Chest Auscultation,10:32:03 AM,10:32:30 AM,
2015025,Chest Auscultation,10:33:49 AM,10:33:54 AM,
2015025,Chest Auscultation,10:33:50 AM,10:34:01 AM,
2015025,NRB,10:34:30 AM,10:35:53 AM,
2015025,Chest Auscultation,10:34:51 AM,10:35:09 AM,
2015025,NRB,10:36:11 AM,10:40:26 AM,
2015025,Chest Auscultation,10:37:01 AM,10:37:14 AM,
2015025,BVM,10:40:27 AM,10:44:00 AM,
2015025,Critical Window (3 minutes prior to laryngoscopy),10:41:06 AM,10:41:07 AM,
2015025,RSI Sedative Meds,10:42:28 AM,10:42:34 AM,
2015025,RSI Paralytic Meds,10:42:39 AM,10:42:46 AM,
2015025,Laryngoscopy,10:44:06 AM,10:45:38 AM,
2015025,BVM,10:45:40 AM,10:47:34 AM,
2015025,ET Tube Secured,10:53:35 AM,10:55:38 AM,
2015026,Patient Arrival,10:11:53 PM,10:11:54 PM,
2015026,NRB,10:11:53 PM,10:21:17 PM,
2015026,Breathing Verbalized,10:13:15 PM,10:13:16 PM,
2015026,Chest Auscultation,10:13:16 PM,10:13:19 PM,
2015026,Decision to Intubate,10:13:24 PM,10:13:25 PM,
2015026,Critical Window (3 minutes prior to laryngoscopy),10:19:36 PM,10:19:37 PM,
2015026,RSI Sedative Meds,10:20:47 PM,10:20:57 PM,
2015026,RSI Sedative Meds,10:21:00 PM,10:21:15 PM,
2015026,RSI Paralytic Meds,10:21:21 PM,10:22:04 PM,
2015026,BVM,10:21:26 PM,10:22:26 PM,
2015026,Laryngoscopy,10:22:36 PM,10:23:42 PM,
2015026,ET Tube Secured,10:43:55 PM,10:45:25 PM,
2015027,Patient Arrival,4:02:54 PM,4:02:56 PM,
2015027,BVM,4:02:54 PM,4:22:11 PM,
2015027,Patient Arrival,4:02:54 PM,4:02:56 PM,
2015027,BVM,4:02:54 PM,4:22:11 PM,
2015027,Patient Arrival,4:02:55 PM,4:02:56 PM,
2015027,BVM,4:02:55 PM,4:22:10 PM,
2015027,Airway Assessment,4:04:27 PM,4:04:30 PM,
2015027,Airway Assessment,4:04:27 PM,4:04:30 PM,
2015027,Airway Assessment,4:04:27 PM,4:04:30 PM,
2015027,Decision to Intubate,4:04:57 PM,4:04:58 PM,
2015027,Decision to Intubate,4:04:57 PM,4:04:58 PM,
2015027,Decision to Intubate,4:04:57 PM,4:04:58 PM,
2015027,Chest Auscultation,4:05:51 PM,4:06:04 PM,
2015027,Chest Auscultation,4:05:51 PM,4:06:04 PM,
2015027,Chest Auscultation,4:05:51 PM,4:06:04 PM,
2015027,Critical Window (3 minutes prior to laryngoscopy),4:19:20 PM,4:19:21 PM,
2015027,Critical Window (3 minutes prior to laryngoscopy),4:19:20 PM,4:19:21 PM,
2015027,Critical Window (3 minutes prior to laryngoscopy),4:19:20 PM,4:19:21 PM,
2015027,RSI Sedative Meds,4:20:18 PM,4:20:29 PM,
2015027,RSI Sedative Meds,4:20:18 PM,4:20:31 PM,
2015027,RSI Sedative Meds,4:20:18 PM,4:20:29 PM,
2015027,RSI Paralytic Meds,4:21:10 PM,4:21:22 PM,
2015027,RSI Paralytic Meds,4:21:10 PM,4:21:22 PM,
2015027,RSI Paralytic Meds,4:21:10 PM,4:21:22 PM,
2015027,Laryngoscopy,4:22:20 PM,4:22:46 PM,
2015027,Laryngoscopy,4:22:20 PM,4:22:46 PM,
2015027,Laryngoscopy,4:22:20 PM,4:22:46 PM,
2015027,ET Tube Secured,4:26:09 PM,4:27:27 PM,
2015027,ET Tube Secured,4:26:10 PM,4:27:24 PM,
2015027,ET Tube Secured,4:26:10 PM,4:27:24 PM,
2015028,Patient Arrival,8:43:34 PM,8:43:35 PM,
2015028,NRB,8:43:34 PM,8:45:17 PM,
2015028,Patient Arrival,8:43:34 PM,8:43:35 PM,
2015028,NRB,8:43:34 PM,8:45:17 PM,
2015028,Patient Arrival,8:43:35 PM,8:43:36 PM,
2015028,NRB,8:43:35 PM,8:45:17 PM,
2015028,Airway Assessment,8:44:30 PM,8:44:35 PM,
2015028,Airway Assessment,8:44:30 PM,8:44:34 PM,
2015028,Airway Assessment,8:44:30 PM,8:44:35 PM,
2015028,Decision to Intubate,8:44:35 PM,8:44:36 PM,
2015028,Decision to Intubate,8:44:35 PM,8:44:36 PM,
2015028,Chest Auscultation,8:44:39 PM,8:44:45 PM,
2015028,Chest Auscultation,8:44:39 PM,8:44:45 PM,
2015028,Airway Assessment,8:46:43 PM,8:46:45 PM,
2015028,Airway Assessment,8:46:43 PM,8:46:45 PM,
2015028,Airway Assessment,8:46:43 PM,8:46:45 PM,
2015028,NRB,8:47:27 PM,8:52:25 PM,
2015028,NRB,8:47:27 PM,8:52:25 PM,
2015028,NRB,8:47:28 PM,8:52:26 PM,
2015028,Chest Auscultation,8:49:05 PM,8:49:14 PM,
2015028,Chest Auscultation,8:49:05 PM,8:49:14 PM,
2015028,Chest Auscultation,8:49:06 PM,8:49:13 PM,
2015028,Breathing Verbalized,8:49:18 PM,8:49:19 PM,
2015028,Breathing Verbalized,8:49:18 PM,8:49:19 PM,
2015028,Breathing Verbalized,8:49:26 PM,8:49:27 PM,
2015028,Chest Auscultation,8:51:58 PM,8:52:17 PM,
2015028,Chest Auscultation,8:51:59 PM,8:52:17 PM,
2015028,Chest Auscultation,8:51:59 PM,8:52:17 PM,
2015028,NRB,8:53:03 PM,9:25:37 PM,
2015028,NRB,8:53:04 PM,9:25:37 PM,
2015028,NRB,8:53:04 PM,9:25:37 PM,
2015028,RSI Sedative Meds,8:54:00 PM,8:54:03 PM,
2015028,RSI Sedative Meds,8:54:00 PM,8:54:03 PM,
2015028,RSI Sedative Meds,8:54:00 PM,8:54:03 PM,
2015028,Airway Verbalized,8:56:40 PM,8:56:41 PM,
2015028,Airway Verbalized,8:56:40 PM,8:56:41 PM,
2015028,Airway Verbalized,8:56:41 PM,8:56:42 PM,
2015028,RSI Sedative Meds,9:00:30 PM,9:00:35 PM,
2015028,RSI Sedative Meds,9:00:30 PM,9:00:35 PM,
2015028,RSI Sedative Meds,9:00:30 PM,9:00:35 PM,
2015028,Decision to Intubate,9:05:01 PM,9:05:02 PM,
2015028,Airway Verbalized,9:19:07 PM,9:19:08 PM,
2015028,Airway Verbalized,9:19:07 PM,9:19:08 PM,
2015028,Airway Verbalized,9:19:07 PM,9:19:08 PM,
2015028,Critical Window (3 minutes prior to laryngoscopy),9:23:18 PM,9:23:19 PM,
2015028,Critical Window (3 minutes prior to laryngoscopy),9:23:18 PM,9:23:19 PM,
2015028,Critical Window (3 minutes prior to laryngoscopy),9:23:19 PM,9:23:20 PM,
2015028,RSI Sedative Meds,9:24:02 PM,9:24:26 PM,
2015028,RSI Sedative Meds,9:24:02 PM,9:24:26 PM,
2015028,RSI Sedative Meds,9:24:03 PM,9:24:27 PM,
2015028,RSI Sedative Meds,9:24:33 PM,9:24:47 PM,
2015028,RSI Sedative Meds,9:24:34 PM,9:24:47 PM,
2015028,RSI Sedative Meds,9:24:34 PM,9:24:47 PM,
2015028,RSI Paralytic Meds,9:25:09 PM,9:25:22 PM,
2015028,RSI Paralytic Meds,9:25:09 PM,9:25:22 PM,
2015028,RSI Paralytic Meds,9:25:09 PM,9:25:22 PM,
2015028,Laryngoscopy,9:26:18 PM,9:26:49 PM,
2015028,Laryngoscopy,9:26:18 PM,9:26:49 PM,
2015028,Laryngoscopy,9:26:19 PM,9:26:49 PM,
2015028,Breathing Verbalized,9:26:30 PM,9:26:31 PM,
2015028,ET Tube Secured,9:28:09 PM,9:33:03 PM,
2015028,ET Tube Secured,9:28:10 PM,9:33:01 PM,
2015028,ET Tube Secured,9:28:10 PM,9:33:01 PM,
2015029,Patient Arrival,5:51:41 PM,5:51:42 PM,
2015029,Chest Auscultation,5:52:43 PM,5:53:03 PM,
2015029,Airway Assessment,5:52:49 PM,5:52:50 PM,
2015029,Airway Verbalized,5:52:50 PM,5:52:51 PM,
2015029,Breathing Verbalized,5:53:00 PM,5:53:02 PM,
2015029,Decision to Intubate,5:53:52 PM,5:53:54 PM,
2015029,Chest Auscultation,5:54:24 PM,5:54:37 PM,
2015029,Chest Auscultation,5:55:38 PM,5:56:08 PM,
2015029,Breathing Verbalized,5:56:09 PM,5:56:10 PM,
2015029,Chest Auscultation,6:09:07 PM,6:09:28 PM,
2015029,Breathing Verbalized,6:09:20 PM,6:09:21 PM,
2015029,Critical Window (3 minutes prior to laryngoscopy),6:10:07 PM,6:10:08 PM,
2015029,RSI Sedative Meds,6:12:02 PM,6:12:12 PM,
2015029,NRB,6:12:20 PM,6:13:01 PM,
2015029,RSI Paralytic Meds,6:12:23 PM,6:12:27 PM,
2015029,Laryngoscopy,6:13:07 PM,6:13:28 PM,
2015029,ET Tube Secured,6:14:57 PM,6:16:48 PM,
2015030,Patient Arrival,1:55:21 PM,1:55:22 PM,
2015030,BVM,1:55:21 PM,2:05:41 PM,
2015030,Airway Assessment,1:57:57 PM,1:57:58 PM,
2015030,Chest Auscultation,1:58:43 PM,1:59:11 PM,
2015030,Breathing Verbalized,1:58:56 PM,1:58:57 PM,
2015030,Chest Auscultation,2:01:48 PM,2:02:01 PM,
2015030,Airway Verbalized,2:02:20 PM,2:02:21 PM,
2015030,Breathing Verbalized,2:02:22 PM,2:02:29 PM,
2015030,Decision to Intubate,2:02:52 PM,2:02:53 PM,
2015030,BVM,2:05:48 PM,2:05:51 PM,
2015030,BVM,2:06:59 PM,2:08:03 PM,
2015030,Chest Auscultation,2:07:02 PM,2:07:17 PM,
2015030,Critical Window (3 minutes prior to laryngoscopy),2:08:24 PM,2:08:25 PM,
2015030,Chest Auscultation,2:09:17 PM,2:09:28 PM,
2015030,BVM,2:09:33 PM,2:11:21 PM,
2015030,RSI Sedative Meds,2:10:29 PM,2:10:53 PM,
2015030,RSI Sedative Meds,2:10:29 PM,2:10:53 PM,
2015030,Laryngoscopy,2:11:24 PM,2:11:39 PM,
2015030,RSI Paralytic Meds,2:11:28 PM,2:11:40 PM,
2015030,ET Tube Secured,2:17:32 PM,2:18:35 PM,
2015031,Patient Arrival,8:09:17 PM,8:09:18 PM,
2015031,BVM,8:09:17 PM,8:14:22 PM,
2015031,Airway Assessment,8:10:43 PM,8:10:46 PM,
2015031,Airway Verbalized,8:10:55 PM,8:10:56 PM,
2015031,Breathing Verbalized,8:11:13 PM,8:11:14 PM,
2015031,Airway Verbalized,8:11:13 PM,8:11:14 PM,
2015031,Chest Auscultation,8:13:12 PM,8:13:19 PM,
2015031,BVM,8:14:59 PM,8:27:50 PM,
2015031,Chest Auscultation,8:16:24 PM,8:16:28 PM,
2015031,Airway Verbalized,8:16:29 PM,8:16:30 PM,
2015031,Breathing Verbalized,8:16:30 PM,8:16:31 PM,
2015031,Breathing Verbalized,8:18:14 PM,8:18:15 PM,
2015031,Decision to Intubate,8:21:21 PM,8:21:22 PM,
2015031,Breathing Verbalized,8:21:29 PM,8:21:30 PM,
2015031,Intubation Safety Timeout,8:23:11 PM,8:23:12 PM,
2015031,Critical Window (3 minutes prior to laryngoscopy),8:24:56 PM,8:24:57 PM,
2015031,RSI Sedative Meds,8:26:24 PM,8:26:48 PM,
2015031,RSI Paralytic Meds,8:26:54 PM,8:27:09 PM,
2015031,Laryngoscopy,8:27:56 PM,8:28:25 PM,
2015031,ET Tube Secured,8:50:51 PM,8:52:53 PM,
2015032,Patient Arrival,12:03:27 PM,12:03:28 PM,
2015032,Decision to Intubate,12:04:01 PM,12:04:02 PM,
2015032,Airway Assessment,12:08:30 PM,12:08:35 PM,
2015032,NRB,12:09:03 PM,12:17:45 PM,
2015032,Critical Window (3 minutes prior to laryngoscopy),12:14:51 PM,12:14:52 PM,
2015032,RSI Sedative Meds,12:16:42 PM,12:16:51 PM,
2015032,RSI Paralytic Meds,12:17:01 PM,12:17:06 PM,
2015032,Laryngoscopy,12:17:51 PM,12:18:15 PM,
2015032,ET Tube Secured,12:21:19 PM,12:23:22 PM,
2015033,Patient Arrival,1:47:07 AM,1:47:08 AM,
2015033,NRB,1:47:07 AM,1:47:51 AM,
2015033,Patient Arrival,1:47:07 AM,1:47:08 AM,
2015033,Patient Arrival,1:47:07 AM,1:47:08 AM,
2015033,NRB,1:47:07 AM,1:47:51 AM,
2015033,NRB,1:48:29 AM,1:50:40 AM,
2015033,NRB,1:48:30 AM,1:50:40 AM,
2015033,NRB,1:48:30 AM,1:50:40 AM,
2015033,Airway Assessment,1:49:49 AM,1:49:53 AM,
2015033,Airway Assessment,1:49:49 AM,1:49:52 AM,
2015033,Airway Assessment,1:49:49 AM,1:49:53 AM,
2015033,Airway Verbalized,1:49:53 AM,1:49:54 AM,
2015033,Airway Verbalized,1:49:53 AM,1:49:54 AM,
2015033,Airway Verbalized,1:49:53 AM,1:49:54 AM,
2015033,Chest Auscultation,1:49:58 AM,1:50:22 AM,
2015033,Chest Auscultation,1:49:58 AM,1:50:23 AM,
2015033,Chest Auscultation,1:49:58 AM,1:50:22 AM,
2015033,BVM,1:50:45 AM,1:55:06 AM,
2015033,BVM,1:50:48 AM,1:55:06 AM,
2015033,BVM,1:50:48 AM,1:55:06 AM,
2015033,Decision to Intubate,1:54:11 AM,1:54:12 AM,
2015033,Decision to Intubate,1:54:11 AM,1:54:12 AM,
2015033,Decision to Intubate,1:54:11 AM,1:54:12 AM,
2015033,Airway Verbalized,1:54:18 AM,1:54:19 AM,
2015033,Airway Verbalized,1:54:18 AM,1:54:19 AM,
2015033,Airway Verbalized,1:54:18 AM,1:54:19 AM,
2015033,NRB,1:55:14 AM,1:58:51 AM,
2015033,NRB,1:55:14 AM,1:58:49 AM,
2015033,NRB,1:55:14 AM,1:58:49 AM,
2015033,Airway Assessment,1:55:32 AM,1:55:40 AM,
2015033,Airway Assessment,1:55:32 AM,1:55:40 AM,
2015033,Airway Assessment,1:58:55 AM,1:59:41 AM,
2015033,Airway Assessment,1:58:55 AM,1:59:41 AM,
2015033,Airway Assessment,1:58:55 AM,1:59:41 AM,
2015033,NRB,1:59:37 AM,2:00:24 AM,
2015033,NRB,1:59:38 AM,2:00:25 AM,
2015033,NRB,1:59:38 AM,2:00:25 AM,
2015033,BVM,2:00:28 AM,2:01:29 AM,
2015033,BVM,2:00:28 AM,2:01:29 AM,
2015033,BVM,2:00:28 AM,2:01:29 AM,
2015033,Breathing Verbalized,2:00:30 AM,2:00:32 AM,
2015033,Breathing Verbalized,2:00:30 AM,2:00:32 AM,
2015033,Breathing Verbalized,2:00:32 AM,2:00:34 AM,
2015033,NRB,2:02:25 AM,2:09:51 AM,
2015033,NRB,2:02:25 AM,2:09:51 AM,
2015033,NRB,2:02:25 AM,2:09:51 AM,
2015033,RSI Sedative Meds,2:04:39 AM,2:06:22 AM,
2015033,RSI Sedative Meds,2:04:39 AM,2:06:22 AM,
2015033,RSI Sedative Meds,2:04:41 AM,2:06:22 AM,
2015033,Critical Window (3 minutes prior to laryngoscopy),2:07:31 AM,2:07:32 AM,
2015033,Critical Window (3 minutes prior to laryngoscopy),2:07:31 AM,2:07:32 AM,
2015033,Critical Window (3 minutes prior to laryngoscopy),2:07:31 AM,2:07:32 AM,
2015033,RSI Sedative Meds,2:07:52 AM,2:08:46 AM,
2015033,RSI Sedative Meds,2:07:56 AM,2:08:46 AM,
2015033,RSI Sedative Meds,2:07:56 AM,2:08:46 AM,
2015033,RSI Paralytic Meds,2:09:30 AM,2:10:05 AM,
2015033,RSI Paralytic Meds,2:09:33 AM,2:10:05 AM,
2015033,RSI Paralytic Meds,2:09:33 AM,2:10:05 AM,
2015033,BVM,2:09:52 AM,2:10:28 AM,
2015033,BVM,2:09:52 AM,2:10:28 AM,
2015033,BVM,2:09:52 AM,2:10:28 AM,
2015033,Laryngoscopy,2:10:31 AM,2:11:08 AM,
2015033,Laryngoscopy,2:10:31 AM,2:11:08 AM,
2015033,Laryngoscopy,2:10:31 AM,2:11:08 AM,
2015033,ET Tube Secured,2:13:29 AM,2:15:15 AM,
2015033,ET Tube Secured,2:13:29 AM,2:15:15 AM,
2015033,ET Tube Secured,2:13:30 AM,2:15:14 AM,
2015034,Patient Arrival,1:53:40 PM,1:53:41 PM,
2015034,Decision to Intubate,1:54:23 PM,1:54:24 PM,
2015034,Chest Auscultation,1:55:04 PM,1:55:08 PM,
2015034,Chest Auscultation,1:56:36 PM,1:56:46 PM,
2015034,Chest Auscultation,1:58:55 PM,1:58:57 PM,
2015034,Chest Auscultation,1:59:24 PM,1:59:33 PM,
2015034,Critical Window (3 minutes prior to laryngoscopy),2:03:25 PM,2:03:26 PM,
2015034,Airway Assessment,2:04:08 PM,2:04:15 PM,
2015034,RSI Sedative Meds,2:04:19 PM,2:04:29 PM,
2015034,RSI Paralytic Meds,2:04:40 PM,2:04:42 PM,
2015034,NRB,2:04:58 PM,2:05:10 PM,
2015034,BVM,2:05:20 PM,2:06:19 PM,
2015034,Laryngoscopy,2:06:25 PM,2:07:13 PM,
2015034,ET Tube Secured,2:11:58 PM,2:16:23 PM,
2015035,Patient Arrival,5:47:16 PM,5:47:17 PM,
2015035,BVM,5:47:16 PM,5:48:32 PM,
2015035,BVM,5:48:50 PM,5:51:38 PM,
2015035,Chest Auscultation,5:51:01 PM,5:51:34 PM,
2015035,Airway Assessment,5:51:09 PM,5:51:11 PM,
2015035,Breathing Verbalized,5:51:35 PM,5:51:40 PM,
2015035,Airway Verbalized,5:53:18 PM,5:53:20 PM,
2015035,Breathing Verbalized,5:53:19 PM,5:53:21 PM,
2015035,NRB,5:53:38 PM,5:59:15 PM,
2015035,Breathing Verbalized,5:53:48 PM,5:53:49 PM,
2015035,Chest Auscultation,5:55:06 PM,5:55:15 PM,
2015035,Breathing Verbalized,5:55:17 PM,5:55:18 PM,
2015035,RSI Sedative Meds,5:56:17 PM,5:56:57 PM,
2015035,Chest Auscultation,5:58:14 PM,5:58:23 PM,
2015035,NRB,5:59:38 PM,6:10:54 PM,
2015035,Chest Auscultation,6:00:01 PM,6:00:12 PM,
2015035,RSI Sedative Meds,6:08:27 PM,6:09:25 PM,
2015035,Decision to Intubate,6:09:19 PM,6:09:20 PM,
2015035,RSI Adjunct Meds,6:10:50 PM,6:11:44 PM,
2015035,BVM,6:11:00 PM,6:16:03 PM,
2015035,Critical Window (3 minutes prior to laryngoscopy),6:13:07 PM,6:13:08 PM,
2015035,RSI Sedative Meds,6:13:15 PM,6:13:58 PM,
2015035,RSI Paralytic Meds,6:14:23 PM,6:14:52 PM,
2015035,Laryngoscopy,6:16:07 PM,6:16:38 PM,
2015035,ET Tube Secured,6:23:49 PM,6:25:26 PM,
2015036,Patient Arrival,2:19:40 PM,2:19:41 PM,
2015036,NRB,2:19:40 PM,2:20:32 PM,
2015036,BVM,2:20:42 PM,2:21:04 PM,
2015036,NRB,2:21:24 PM,2:27:49 PM,
2015036,Chest Auscultation,2:22:06 PM,2:22:09 PM,
2015036,Breathing Verbalized,2:22:21 PM,2:22:22 PM,
2015036,Decision to Intubate,2:23:19 PM,2:23:21 PM,
2015036,Intubation Safety Timeout,2:26:35 PM,2:26:36 PM,
2015036,Critical Window (3 minutes prior to laryngoscopy),2:27:11 PM,2:27:12 PM,
2015036,RSI Adjunct Meds,2:27:44 PM,2:27:52 PM,
2015036,BVM,2:27:57 PM,2:30:09 PM,
2015036,Chest Auscultation,2:28:09 PM,2:28:31 PM,
2015036,RSI Sedative Meds,2:28:24 PM,2:28:27 PM,
2015036,RSI Paralytic Meds,2:28:39 PM,2:28:41 PM,
2015036,Laryngoscopy,2:30:11 PM,2:30:38 PM,
2015036,ET Tube Secured,2:33:32 PM,2:40:55 PM,
2015037,NRB,3:11:57 PM,5:44:51 PM,
2015037,Patient Arrival,5:00:00 PM,5:11:01 PM,
2015037,Breathing Verbalized,5:11:10 PM,5:11:11 PM,
2015037,Chest Auscultation,5:13:01 PM,5:13:16 PM,
2015037,Chest Auscultation,5:16:30 PM,5:17:32 PM,
2015037,Breathing Verbalized,5:38:17 PM,5:38:18 PM,
2015037,Chest Auscultation,5:38:21 PM,5:39:57 PM,
2015037,Chest Auscultation,5:38:23 PM,5:38:41 PM,
2015037,NRB,5:56:42 PM,5:58:35 PM,
2015037,Decision to Intubate,6:01:28 PM,6:01:29 PM,
2015037,NRB,6:09:06 PM,6:11:38 PM,
2015037,NRB,6:12:08 PM,6:16:40 PM,
2015037,Critical Window (3 minutes prior to laryngoscopy),6:15:56 PM,6:15:57 PM,
2015037,RSI Sedative Meds,6:16:39 PM,6:17:45 PM,
2015037,BVM,6:16:46 PM,6:18:53 PM,
2015037,RSI Paralytic Meds,6:17:56 PM,6:18:08 PM,
2015037,Laryngoscopy,6:18:56 PM,6:19:25 PM,
2015037,ET Tube Secured,6:21:12 PM,6:23:22 PM,
2015037,Chest Auscultation,,5:27:05 PM,
2015038,Patient Arrival,8:54:28 PM,8:54:29 PM,
2015038,BVM,10:54:28 PM,11:07:08 PM,
2015038,Chest Auscultation,10:54:54 PM,10:55:11 PM,
2015038,Chest Auscultation,10:55:16 PM,10:55:45 PM,
2015038,Chest Auscultation,10:56:13 PM,10:56:29 PM,
2015038,Breathing Verbalized,10:56:33 PM,10:56:37 PM,
2015038,Chest Auscultation,10:57:24 PM,10:57:42 PM,
2015038,Chest Auscultation,10:59:12 PM,10:59:37 PM,
2015038,Chest Auscultation,10:59:57 PM,11:00:03 PM,
2015038,Chest Auscultation,11:02:25 PM,11:03:00 PM,
2015038,Critical Window (3 minutes prior to laryngoscopy),11:04:10 PM,11:04:11 PM,
2015038,RSI Adjunct Meds,11:05:40 PM,11:05:52 PM,
2015038,RSI Sedative Meds,11:05:57 PM,11:05:59 PM,
2015038,RSI Paralytic Meds,11:06:02 PM,11:06:04 PM,
2015038,Laryngoscopy,11:07:10 PM,11:07:33 PM,
2015038,ET Tube Secured,11:11:01 PM,11:14:09 PM,
2015039,Patient Arrival,12:40:29 PM,12:40:30 PM,
2015039,NRB,12:41:23 PM,12:41:59 PM,
2015039,BVM,12:42:03 PM,1:13:17 PM,
2015039,Breathing Verbalized,12:42:24 PM,12:42:25 PM,
2015039,Chest Auscultation,12:42:48 PM,12:42:59 PM,
2015039,Airway Verbalized,12:43:01 PM,12:43:02 PM,
2015039,Breathing Verbalized,12:43:02 PM,12:43:03 PM,
2015039,Chest Auscultation,12:43:17 PM,12:43:38 PM,
2015039,Chest Auscultation,12:44:49 PM,12:45:03 PM,
2015039,Breathing Verbalized,12:45:58 PM,12:45:59 PM,
2015039,RSI Adjunct Meds,12:48:40 PM,12:48:44 PM,
2015039,Breathing Verbalized,12:49:58 PM,12:49:59 PM,
2015039,Decision to Intubate,12:52:01 PM,12:52:02 PM,
2015039,Breathing Verbalized,12:52:18 PM,12:52:19 PM,
2015039,Intubation Safety Timeout,12:54:51 PM,12:57:02 PM,
2015039,RSI Adjunct Meds,1:08:53 PM,1:08:59 PM,
2015039,RSI Adjunct Meds,1:10:04 PM,1:10:17 PM,
2015039,Critical Window (3 minutes prior to laryngoscopy),1:10:19 PM,1:10:20 PM,
2015039,RSI Sedative Meds,1:11:14 PM,1:11:18 PM,
2015039,RSI Adjunct Meds,1:11:36 PM,1:11:46 PM,
2015039,RSI Paralytic Meds,1:12:15 PM,1:12:25 PM,
2015039,Laryngoscopy,1:13:19 PM,1:13:42 PM,
2015039,ET Tube Secured,1:14:56 PM,1:18:02 PM,
2015040,Patient Arrival,6:13:33 PM,6:13:34 PM,
2015040,Airway Assessment,6:14:56 PM,6:15:00 PM,
2015040,Chest Auscultation,6:15:05 PM,6:15:27 PM,
2015040,Airway Verbalized,6:15:48 PM,6:15:49 PM,
2015040,Breathing Verbalized,6:15:50 PM,6:15:52 PM,
2015040,Chest Auscultation,6:15:54 PM,6:15:57 PM,
2015040,Airway Assessment,6:16:03 PM,6:16:09 PM,
2015040,NRB,6:16:14 PM,6:23:37 PM,
2015040,RSI Sedative Meds,6:21:28 PM,6:22:13 PM,
2015040,Airway Assessment,6:41:42 PM,6:41:45 PM,
2015040,Airway Assessment,6:45:08 PM,6:45:18 PM,
2015040,Airway Assessment,6:49:56 PM,6:49:59 PM,
2015040,NRB,6:51:08 PM,6:58:10 PM,
2015040,RSI Sedative Meds,6:54:00 PM,6:54:58 PM,
2015040,RSI Sedative Meds,6:58:06 PM,6:59:29 PM,
2015040,BVM,6:58:14 PM,7:01:37 PM,
2015040,Critical Window (3 minutes prior to laryngoscopy),6:58:38 PM,6:58:39 PM,
2015040,RSI Paralytic Meds,6:59:53 PM,7:00:29 PM,
2015040,Laryngoscopy,7:01:38 PM,7:01:47 PM,
2015040,ET Tube Secured,7:04:23 PM,7:07:00 PM,
2015041,Patient Arrival,5:41:35 PM,5:41:36 PM,
2015041,BVM,5:41:35 PM,5:53:46 PM,
2015041,Chest Auscultation,5:41:59 PM,5:42:31 PM,
2015041,Decision to Intubate,5:42:10 PM,5:42:12 PM,
2015041,Chest Auscultation,5:43:27 PM,5:43:32 PM,
2015041,Breathing Verbalized,5:43:56 PM,5:43:57 PM,
2015041,Chest Auscultation,5:44:58 PM,5:45:02 PM,
2015041,Intubation Safety Timeout,5:45:31 PM,5:45:32 PM,
2015041,Critical Window (3 minutes prior to laryngoscopy),5:49:51 PM,5:49:52 PM,
2015041,Chest Auscultation,5:50:39 PM,5:50:54 PM,
2015041,RSI Adjunct Meds,5:52:28 PM,5:52:35 PM,
2015041,RSI Sedative Meds,5:52:46 PM,5:52:58 PM,
2015041,RSI Sedative Meds,5:53:09 PM,5:53:16 PM,
2015041,RSI Paralytic Meds,5:53:39 PM,5:53:44 PM,
2015041,Laryngoscopy,5:53:51 PM,5:54:59 PM,
2015041,ET Tube Secured,6:00:09 PM,6:01:21 PM,
2015043,Patient Arrival,8:49:17 PM,8:49:18 PM,
2015043,BVM,8:49:17 PM,8:57:23 PM,
2015043,Patient Arrival,8:49:17 PM,8:49:18 PM,
2015043,BVM,8:49:17 PM,8:57:23 PM,
2015043,Patient Arrival,8:49:17 PM,8:49:18 PM,
2015043,BVM,8:49:17 PM,8:57:23 PM,
2015043,Decision to Intubate,8:50:08 PM,8:50:09 PM,
2015043,Decision to Intubate,8:50:10 PM,8:50:11 PM,
2015043,Decision to Intubate,8:50:10 PM,8:50:11 PM,
2015043,Chest Auscultation,8:52:07 PM,8:52:24 PM,
2015043,Chest Auscultation,8:52:08 PM,8:57:23 PM,
2015043,Chest Auscultation,8:52:08 PM,8:57:23 PM,
2015043,Critical Window (3 minutes prior to laryngoscopy),8:54:25 PM,8:54:26 PM,
2015043,Critical Window (3 minutes prior to laryngoscopy),8:54:25 PM,8:54:56 PM,
2015043,Critical Window (3 minutes prior to laryngoscopy),8:54:25 PM,8:54:26 PM,
2015043,Chest Auscultation,8:54:33 PM,8:54:39 PM,
2015043,Chest Auscultation,8:54:33 PM,8:54:38 PM,
2015043,Chest Auscultation,8:54:33 PM,8:54:38 PM,
2015043,RSI Sedative Meds,8:55:18 PM,8:55:28 PM,
2015043,RSI Sedative Meds,8:55:18 PM,8:55:28 PM,
2015043,RSI Sedative Meds,8:55:19 PM,8:55:27 PM,
2015043,RSI Paralytic Meds,8:56:22 PM,8:56:28 PM,
2015043,RSI Paralytic Meds,8:56:23 PM,8:56:28 PM,
2015043,RSI Paralytic Meds,8:56:23 PM,8:56:28 PM,
2015043,Laryngoscopy,8:57:25 PM,8:58:07 PM,
2015043,Laryngoscopy,8:57:25 PM,8:58:08 PM,
2015043,Laryngoscopy,8:57:25 PM,8:58:07 PM,
2015043,ET Tube Secured,8:59:39 PM,9:02:31 PM,
2015043,ET Tube Secured,8:59:41 PM,9:03:33 PM,
2015043,ET Tube Secured,8:59:41 PM,9:03:33 PM,
2015046,Patient Arrival,6:41:06 PM,6:41:07 PM,
2015046,BVM,6:41:06 PM,6:50:50 PM,
2015046,Breathing Verbalized,6:41:22 PM,6:41:23 PM,
2015046,Breathing Verbalized,6:42:57 PM,6:42:58 PM,
2015046,Decision to Intubate,6:43:08 PM,6:43:09 PM,
2015046,Chest Auscultation,6:43:16 PM,6:43:23 PM,
2015046,Breathing Verbalized,6:44:23 PM,6:44:24 PM,
2015046,Airway Verbalized,6:45:33 PM,6:45:34 PM,
2015046,Airway Assessment,6:47:32 PM,6:47:38 PM,
2015046,Critical Window (3 minutes prior to laryngoscopy),6:47:57 PM,6:47:58 PM,
2015046,RSI Sedative Meds,6:48:01 PM,6:48:17 PM,
2015046,RSI Sedative Meds,6:49:37 PM,6:49:40 PM,
2015046,RSI Paralytic Meds,6:50:14 PM,6:50:28 PM,
2015046,Laryngoscopy,6:50:57 PM,6:51:17 PM,
2015046,ET Tube Secured,6:53:00 PM,6:54:49 PM,
2015051,Patient Arrival,3:02:42 PM,3:02:43 PM,
2015051,NRB,3:02:42 PM,3:06:33 PM,
2015051,Patient Arrival,3:02:43 PM,3:02:44 PM,
2015051,NRB,3:02:43 PM,3:06:33 PM,
2015051,Patient Arrival,3:02:43 PM,3:02:44 PM,
2015051,NRB,3:02:43 PM,3:06:33 PM,
2015051,Chest Auscultation,3:04:46 PM,3:05:05 PM,
2015051,Chest Auscultation,3:04:46 PM,3:05:05 PM,
2015051,Chest Auscultation,3:04:46 PM,3:05:05 PM,
2015051,Chest Auscultation,3:04:57 PM,3:05:06 PM,
2015051,Chest Auscultation,3:04:57 PM,3:05:07 PM,
2015051,Chest Auscultation,3:04:57 PM,3:05:06 PM,
2015051,Breathing Verbalized,3:05:37 PM,3:05:38 PM,
2015051,Breathing Verbalized,3:05:37 PM,3:05:38 PM,
2015051,Breathing Verbalized,3:05:37 PM,3:05:38 PM,
2015051,BVM,3:07:47 PM,3:08:52 PM,
2015051,BVM,3:07:47 PM,3:08:52 PM,
2015051,BVM,3:07:48 PM,3:08:51 PM,
2015051,Chest Auscultation,3:08:02 PM,3:08:15 PM,
2015051,Chest Auscultation,3:08:03 PM,3:08:06 PM,
2015051,Chest Auscultation,3:08:03 PM,3:08:06 PM,
2015051,Airway Assessment,3:10:05 PM,3:10:06 PM,
2015051,Decision to Intubate,3:10:05 PM,3:10:06 PM,
2015051,Decision to Intubate,3:10:05 PM,3:10:06 PM,
2015051,Airway Assessment,3:10:05 PM,3:10:06 PM,
2015051,Airway Assessment,3:10:06 PM,3:10:17 PM,
2015051,RSI Sedative Meds,3:11:28 PM,3:11:57 PM,
2015051,RSI Sedative Meds,3:11:28 PM,3:11:57 PM,
2015051,RSI Sedative Meds,3:11:29 PM,3:11:57 PM,
2015051,BVM,3:14:04 PM,3:17:28 PM,
2015051,BVM,3:14:05 PM,3:17:28 PM,
2015051,BVM,3:14:05 PM,3:17:28 PM,
2015051,RSI Adjunct Meds,3:14:35 PM,3:14:59 PM,
2015051,RSI Adjunct Meds,3:14:35 PM,3:14:58 PM,
2015051,RSI Adjunct Meds,3:14:35 PM,3:14:59 PM,
2015051,Intubation Safety Timeout,3:14:59 PM,3:15:21 PM,
2015051,Intubation Safety Timeout,3:15:01 PM,3:15:21 PM,
2015051,Intubation Safety Timeout,3:15:10 PM,3:15:11 PM,
2015051,Critical Window (3 minutes prior to laryngoscopy),3:15:33 PM,3:15:34 PM,
2015051,Critical Window (3 minutes prior to laryngoscopy),3:15:34 PM,3:15:35 PM,
2015051,Critical Window (3 minutes prior to laryngoscopy),3:15:34 PM,3:15:35 PM,
2015051,RSI Sedative Meds,3:17:43 PM,3:17:54 PM,
2015051,RSI Sedative Meds,3:17:43 PM,3:17:54 PM,
2015051,RSI Sedative Meds,3:17:46 PM,3:17:55 PM,
2015051,RSI Paralytic Meds,3:17:58 PM,3:18:02 PM,
2015051,RSI Paralytic Meds,3:17:58 PM,3:18:02 PM,
2015051,RSI Paralytic Meds,3:17:59 PM,3:18:00 PM,
2015051,Laryngoscopy,3:18:33 PM,3:15:27 PM,
2015051,Laryngoscopy,3:18:34 PM,3:18:49 PM,
2015051,Laryngoscopy,3:18:34 PM,3:18:49 PM,
2015051,ET Tube Secured,3:22:20 PM,3:27:24 PM,
2015051,ET Tube Secured,3:22:20 PM,3:27:25 PM,
2015051,ET Tube Secured,3:22:20 PM,3:26:34 PM,
2015056,Patient Arrival,7:24:15 PM,7:24:16 PM,
2015056,Chest Auscultation,7:24:22 PM,7:24:34 PM,
2015056,Breathing Verbalized,7:24:26 PM,7:24:27 PM,
2015056,Chest Auscultation,7:24:30 PM,7:24:40 PM,
2015056,NRB,7:25:00 PM,8:20:37 PM,
2015056,RSI Sedative Meds,7:28:23 PM,7:28:37 PM,
2015056,Chest Auscultation,7:28:29 PM,7:28:37 PM,
2015056,Chest Auscultation,7:28:39 PM,7:28:49 PM,
2015056,RSI Sedative Meds,7:32:54 PM,7:33:09 PM,
2015056,Chest Auscultation,7:37:25 PM,7:37:40 PM,
2015056,Chest Auscultation,7:41:45 PM,7:51:57 PM,
2015056,Chest Auscultation,8:08:23 PM,8:08:24 PM,
2015056,Chest Auscultation,8:09:01 PM,8:09:07 PM,
2015056,Decision to Intubate,8:14:37 PM,8:14:38 PM,
2015056,Airway Assessment,8:16:24 PM,8:16:39 PM,
2015056,Critical Window (3 minutes prior to laryngoscopy),8:20:35 PM,8:20:36 PM,
2015056,RSI Sedative Meds,8:20:47 PM,8:20:49 PM,
2015056,RSI Sedative Meds,8:20:54 PM,8:21:07 PM,
2015056,RSI Paralytic Meds,8:20:59 PM,8:21:00 PM,
2015056,BVM,8:22:16 PM,8:23:31 PM,
2015056,Chest Auscultation,8:23:17 PM,8:23:22 PM,
2015056,Laryngoscopy,8:23:35 PM,8:25:04 PM,
2015056,ET Tube Secured,8:27:32 PM,8:29:34 PM,
2015057,Patient Arrival,5:31:41 PM,5:31:42 PM,
2015057,BVM,5:31:41 PM,5:33:10 PM,
2015057,BVM,5:33:28 PM,5:42:55 PM,
2015057,Breathing Verbalized,5:33:37 PM,5:33:38 PM,
2015057,Breathing Verbalized,5:33:50 PM,3:33:51 PM,
2015057,Decision to Intubate,5:33:51 PM,5:33:52 PM,
2015057,Breathing Verbalized,5:39:01 PM,5:39:02 PM,
2015057,Critical Window (3 minutes prior to laryngoscopy),5:40:08 PM,5:40:09 PM,
2015057,RSI Sedative Meds,5:41:53 PM,5:42:07 PM,
2015057,RSI Sedative Meds,5:42:13 PM,5:42:23 PM,
2015057,RSI Paralytic Meds,5:42:24 PM,5:42:28 PM,
2015057,Laryngoscopy,5:43:08 PM,5:43:51 PM,
2015057,ET Tube Secured,5:48:13 PM,5:51:33 PM,
2015058,Patient Arrival,10:41:02 AM,10:41:03 AM,
2015058,BVM,10:41:02 AM,10:55:13 AM,
2015058,Chest Auscultation,10:42:30 AM,10:42:35 AM,
2015058,Breathing Verbalized,10:42:35 AM,10:42:37 AM,
2015058,Airway Assessment,10:43:20 AM,10:43:23 AM,
2015058,Breathing Verbalized,10:43:35 AM,10:43:37 AM,
2015058,Breathing Verbalized,10:44:47 AM,10:44:49 AM,
2015058,Decision to Intubate,10:45:10 AM,10:45:12 AM,
2015058,Chest Auscultation,10:46:25 AM,10:46:34 AM,
2015058,Breathing Verbalized,10:49:08 AM,10:49:10 AM,
2015058,RSI Adjunct Meds,10:53:38 AM,10:53:43 AM,
2015058,BVM,10:55:37 AM,10:58:59 AM,
2015058,Breathing Verbalized,10:55:39 AM,10:55:47 AM,
2015058,Critical Window (3 minutes prior to laryngoscopy),10:56:10 AM,10:56:11 AM,
2015058,RSI Paralytic Meds,10:57:54 AM,10:58:00 AM,
2015058,Laryngoscopy,10:59:10 AM,11:00:19 AM,
2015058,ET Tube Secured,11:04:40 AM,11:06:25 AM,
2015059,Patient Arrival,6:21:31 PM,6:21:32 PM,
2015059,Airway Assessment,6:21:38 PM,6:21:40 PM,
2015059,Airway Assessment,6:22:28 PM,6:22:30 PM,
2015059,Breathing Verbalized,6:23:03 PM,6:23:04 PM,
2015059,Decision to Intubate,6:23:09 PM,6:23:10 PM,
2015059,NRB,6:23:38 PM,6:24:42 PM,
2015059,BVM,6:24:51 PM,6:26:27 PM,
2015059,NRB,6:26:34 PM,6:28:25 PM,
2015059,Critical Window (3 minutes prior to laryngoscopy),6:26:52 PM,6:26:53 PM,
2015059,Airway Assessment,6:26:56 PM,6:27:36 PM,
2015059,BVM,6:28:29 PM,6:29:47 PM,
2015059,RSI Sedative Meds,6:28:41 PM,6:28:50 PM,
2015059,RSI Paralytic Meds,6:28:53 PM,6:29:14 PM,
2015059,Laryngoscopy,6:29:52 PM,6:30:18 PM,
2015059,ET Tube Secured,6:31:32 PM,6:36:23 PM,
2015062,Patient Arrival,6:26:26 PM,6:26:27 PM,
2015062,BVM,6:26:26 PM,6:39:12 PM,
2015062,Patient Arrival,6:26:26 PM,6:26:27 PM,
2015062,BVM,6:26:26 PM,6:39:12 PM,
2015062,Patient Arrival,6:26:26 PM,6:26:27 PM,
2015062,BVM,6:26:26 PM,6:39:12 PM,
2015062,Chest Auscultation,6:27:21 PM,6:27:35 PM,
2015062,Chest Auscultation,6:27:21 PM,6:27:35 PM,
2015062,Chest Auscultation,6:27:21 PM,6:27:35 PM,
2015062,Chest Auscultation,6:27:57 PM,6:28:12 PM,
2015062,Chest Auscultation,6:27:57 PM,6:28:11 PM,
2015062,Chest Auscultation,6:27:57 PM,6:28:12 PM,
2015062,Breathing Verbalized,6:28:21 PM,6:28:22 PM,
2015062,Breathing Verbalized,6:28:21 PM,6:28:22 PM,
2015062,Breathing Verbalized,6:28:22 PM,6:28:23 PM,
2015062,Airway Verbalized,6:28:28 PM,6:28:29 PM,
2015062,Airway Verbalized,6:28:28 PM,6:28:29 PM,
2015062,Airway Verbalized,6:28:29 PM,6:28:30 PM,
2015062,Chest Auscultation,6:29:22 PM,6:29:32 PM,
2015062,Chest Auscultation,6:29:22 PM,6:29:32 PM,
2015062,Chest Auscultation,6:29:23 PM,6:29:32 PM,
2015062,Breathing Verbalized,6:29:56 PM,6:29:57 PM,
2015062,Breathing Verbalized,6:29:56 PM,6:29:57 PM,
2015062,Breathing Verbalized,6:29:56 PM,6:29:57 PM,
2015062,Chest Auscultation,6:31:15 PM,6:31:21 PM,
2015062,Chest Auscultation,6:31:15 PM,6:31:21 PM,
2015062,Chest Auscultation,6:31:15 PM,6:31:21 PM,
2015062,Breathing Verbalized,6:31:24 PM,6:31:35 PM,
2015062,Breathing Verbalized,6:31:24 PM,6:31:25 PM,
2015062,Breathing Verbalized,6:31:24 PM,6:31:35 PM,
2015062,RSI Sedative Meds,6:31:52 PM,6:32:32 PM,
2015062,RSI Sedative Meds,6:31:52 PM,6:32:32 PM,
2015062,Airway Assessment,6:33:10 PM,6:33:11 PM,
2015062,Airway Assessment,6:33:10 PM,6:33:12 PM,
2015062,Airway Assessment,6:33:10 PM,6:33:11 PM,
2015062,Chest Auscultation,6:34:16 PM,6:34:18 PM,
2015062,Chest Auscultation,6:35:53 PM,6:36:10 PM,
2015062,Chest Auscultation,6:35:53 PM,6:36:10 PM,
2015062,Chest Auscultation,6:35:53 PM,6:36:10 PM,
2015062,Critical Window (3 minutes prior to laryngoscopy),6:36:17 PM,6:36:18 PM,
2015062,Critical Window (3 minutes prior to laryngoscopy),6:36:17 PM,6:36:18 PM,
2015062,Critical Window (3 minutes prior to laryngoscopy),6:36:17 PM,6:36:18 PM,
2015062,Decision to Intubate,6:36:46 PM,6:36:47 PM,
2015062,Decision to Intubate,6:36:46 PM,6:36:47 PM,
2015062,Decision to Intubate,6:36:46 PM,6:36:47 PM,
2015062,RSI Sedative Meds,6:37:28 PM,6:38:30 PM,
2015062,RSI Sedative Meds,6:37:28 PM,6:38:30 PM,
2015062,RSI Sedative Meds,6:37:28 PM,6:38:30 PM,
2015062,RSI Paralytic Meds,6:38:48 PM,6:38:57 PM,
2015062,RSI Paralytic Meds,6:38:48 PM,6:38:57 PM,
2015062,RSI Paralytic Meds,6:38:48 PM,6:38:57 PM,
2015062,Laryngoscopy,6:39:17 PM,6:39:38 PM,
2015062,Laryngoscopy,6:39:17 PM,6:39:38 PM,
2015062,Laryngoscopy,6:39:17 PM,6:39:38 PM,
2015062,ET Tube Secured,6:45:11 PM,6:47:32 PM,
2015062,ET Tube Secured,6:45:11 PM,6:47:34 PM,
2015062,ET Tube Secured,6:45:11 PM,6:47:32 PM,
2015063,Patient Arrival,5:46:09 AM,5:46:10 AM,
2015063,NRB,5:46:09 AM,5:52:59 AM,
2015063,Decision to Intubate,5:47:11 AM,5:47:12 AM,
2015063,RSI Sedative Meds,5:51:06 AM,5:51:20 AM,
2015063,RSI Sedative Meds,5:51:36 AM,5:51:40 AM,
2015063,Critical Window (3 minutes prior to laryngoscopy),5:53:02 AM,5:53:03 AM,
2015063,BVM,5:53:07 AM,5:55:55 AM,
2015063,Intubation Safety Timeout,5:53:25 AM,5:53:26 AM,
2015063,RSI Paralytic Meds,5:53:49 AM,5:54:43 AM,
2015063,Breathing Verbalized,5:55:20 AM,5:55:21 AM,
2015063,Laryngoscopy,5:56:02 AM,5:56:28 AM,
2015063,ET Tube Secured,5:57:38 AM,6:01:36 PM,
2015064,Patient Arrival,4:39:41 PM,4:39:42 PM,
2015064,NRB,4:39:41 PM,4:58:40 PM,
2015064,Decision to Intubate,4:40:30 PM,4:40:31 PM,
2015064,Airway Verbalized,4:40:47 PM,4:40:48 PM,
2015064,Breathing Verbalized,4:40:48 PM,4:40:49 PM,
2015064,Chest Auscultation,4:41:08 PM,4:41:17 PM,
2015064,Breathing Verbalized,4:41:20 PM,4:41:21 PM,
2015064,Airway Verbalized,4:41:48 PM,4:41:49 PM,
2015064,Breathing Verbalized,4:42:20 PM,4:42:21 PM,
2015064,Chest Auscultation,4:42:50 PM,4:42:59 PM,
2015064,RSI Sedative Meds,4:43:53 PM,4:45:55 PM,
2015064,Airway Assessment,4:44:42 PM,4:44:56 PM,
2015064,Breathing Verbalized,4:44:44 PM,4:44:45 PM,
2015064,Airway Assessment,4:45:26 PM,4:45:31 PM,
2015064,Chest Auscultation,4:46:10 PM,4:46:53 PM,
2015064,Breathing Verbalized,4:46:18 PM,4:46:49 PM,
2015064,Breathing Verbalized,4:50:11 PM,4:50:12 PM,
2015064,RSI Adjunct Meds,4:53:43 PM,3:53:53 PM,
2015064,Critical Window (3 minutes prior to laryngoscopy),4:56:00 PM,4:56:01 PM,
2015064,RSI Sedative Meds,4:57:29 PM,4:57:38 PM,
2015064,RSI Sedative Meds,4:57:44 PM,4:57:57 PM,
2015064,RSI Paralytic Meds,4:58:06 PM,4:58:16 PM,
2015064,Breathing Verbalized,4:58:44 PM,4:58:45 PM,
2015064,Laryngoscopy,4:59:00 PM,4:59:12 PM,
2015064,ET Tube Secured,5:00:54 PM,5:03:32 PM,
2015065,Patient Arrival,5:37:19 PM,5:37:20 PM,
2015065,BVM,5:37:19 PM,5:44:17 PM,
2015065,Chest Auscultation,5:37:41 PM,5:37:48 PM,
2015065,Breathing Verbalized,5:38:08 PM,5:38:10 PM,
2015065,Decision to Intubate,5:38:16 PM,5:38:17 PM,
2015065,Chest Auscultation,5:40:22 PM,5:40:41 PM,
2015065,Airway Assessment,5:41:18 PM,5:41:20 PM,
2015065,Critical Window (3 minutes prior to laryngoscopy),5:41:29 PM,5:41:30 PM,
2015065,RSI Sedative Meds,5:42:28 PM,5:43:14 PM,
2015065,Breathing Verbalized,5:43:08 PM,5:43:10 PM,
2015065,RSI Paralytic Meds,5:43:42 PM,5:43:50 PM,
2015065,Laryngoscopy,5:44:29 PM,5:47:42 PM,
2015065,ET Tube Secured,5:52:00 PM,5:54:27 PM,
2015068,Patient Arrival,4:47:36 AM,4:47:37 AM,
2015068,BVM,4:47:36 AM,4:53:04 AM,
2015068,Chest Auscultation,4:48:02 AM,4:48:07 AM,
2015068,Breathing Verbalized,4:48:30 AM,4:48:32 AM,
2015068,Chest Auscultation,4:48:38 AM,4:49:07 AM,
2015068,Chest Auscultation,4:49:46 AM,4:49:47 AM,
2015068,Breathing Verbalized,4:50:10 AM,4:50:12 AM,
2015068,Chest Auscultation,4:50:44 AM,4:51:03 AM,
2015068,Chest Auscultation,4:51:47 AM,4:52:03 AM,
2015068,Breathing Verbalized,4:52:20 AM,4:52:22 AM,
2015068,Chest Auscultation,4:52:26 AM,4:52:34 AM,
2015068,BVM,4:53:20 AM,4:54:10 AM,
2015068,Chest Auscultation,4:53:58 AM,4:54:09 AM,
2015068,Breathing Verbalized,4:54:29 AM,4:54:31 AM,
2015068,BVM,4:55:28 AM,4:56:05 AM,
2015068,NRB,4:56:12 AM,4:57:02 AM,
2015068,BVM,4:57:02 AM,5:13:58 AM,
2015068,Chest Auscultation,4:59:16 AM,4:59:39 AM,
2015068,Chest Auscultation,5:01:11 AM,5:01:16 AM,
2015068,Chest Auscultation,5:03:41 AM,5:04:14 AM,
2015068,Chest Auscultation,5:08:43 AM,5:09:10 AM,
2015068,Chest Auscultation,5:09:29 AM,5:09:38 AM,
2015068,Critical Window (3 minutes prior to laryngoscopy),5:11:01 AM,5:11:02 AM,
2015068,RSI Sedative Meds,5:11:10 AM,5:11:12 AM,
2015068,RSI Sedative Meds,5:11:16 AM,5:11:19 AM,
2015068,Chest Auscultation,5:11:36 AM,5:11:47 AM,
2015068,RSI Paralytic Meds,5:12:39 AM,5:12:40 AM,
2015068,Laryngoscopy,5:14:01 AM,5:14:47 AM,
2015068,ET Tube Secured,5:28:23 AM,5:30:54 AM,
2015070,Patient Arrival,2:20:46 AM,2:20:47 AM,
2015070,Patient Arrival,2:20:46 AM,2:20:47 AM,
2015070,Patient Arrival,2:20:46 AM,2:20:47 AM,
2015070,BVM,2:21:39 AM,2:22:11 AM,
2015070,BVM,2:21:39 AM,2:22:11 AM,
2015070,BVM,2:21:40 AM,,
2015070,Breathing Verbalized,2:22:02 AM,2:22:03 AM,
2015070,Breathing Verbalized,2:22:02 AM,2:22:03 AM,
2015070,Chest Auscultation,2:22:14 AM,2:22:38 AM,
2015070,Chest Auscultation,2:22:14 AM,2:22:38 AM,
2015070,Chest Auscultation,2:22:14 AM,2:22:38 AM,
2015070,Decision to Intubate,2:22:30 AM,2:22:31 AM,
2015070,Decision to Intubate,2:22:30 AM,2:22:31 AM,
2015070,Decision to Intubate,2:22:30 AM,2:22:31 AM,
2015070,BVM,2:22:56 AM,2:28:29 AM,
2015070,BVM,2:22:56 AM,2:28:29 AM,
2015070,Breathing Verbalized,2:23:23 AM,2:23:24 AM,
2015070,Breathing Verbalized,2:23:23 AM,2:23:24 AM,
2015070,Breathing Verbalized,2:23:23 AM,2:23:24 AM,
2015070,RSI Sedative Meds,2:25:22 AM,2:25:46 AM,
2015070,RSI Sedative Meds,2:25:22 AM,2:25:46 AM,
2015070,RSI Sedative Meds,2:25:22 AM,2:25:46 AM,
2015070,Critical Window (3 minutes prior to laryngoscopy),2:25:47 AM,2:25:48 AM,
2015070,Critical Window (3 minutes prior to laryngoscopy),2:25:47 AM,2:25:48 AM,
2015070,Critical Window (3 minutes prior to laryngoscopy),2:25:47 AM,2:25:48 AM,
2015070,Breathing Verbalized,2:26:09 AM,2:26:11 AM,
2015070,Breathing Verbalized,2:26:09 AM,2:26:11 AM,
2015070,Airway Verbalized,2:26:14 AM,2:26:15 AM,
2015070,Airway Verbalized,2:26:14 AM,2:26:15 AM,
2015070,Airway Verbalized,2:26:14 AM,2:26:15 AM,
2015070,RSI Paralytic Meds,2:26:35 AM,2:26:40 AM,
2015070,RSI Paralytic Meds,2:26:35 AM,2:26:40 AM,
2015070,RSI Paralytic Meds,2:26:35 AM,2:26:40 AM,
2015070,RSI Adjunct Meds,2:27:30 AM,2:27:42 AM,
2015070,RSI Adjunct Meds,2:27:30 AM,2:27:42 AM,
2015070,RSI Adjunct Meds,2:27:30 AM,2:27:42 AM,
2015070,Breathing Verbalized,2:27:41 AM,2:27:42 AM,
2015070,Breathing Verbalized,2:27:41 AM,2:27:42 AM,
2015070,Laryngoscopy,2:28:47 AM,2:29:24 AM,
2015070,Laryngoscopy,2:28:47 AM,2:29:24 AM,
2015070,Laryngoscopy,2:28:47 AM,2:29:24 AM,
2015070,ET Tube Secured,2:41:15 AM,2:44:37 AM,
2015070,ET Tube Secured,2:41:16 AM,2:44:36 AM,
2015070,ET Tube Secured,2:41:16 AM,2:44:36 AM,
2016001,Patient Arrival,1:09:11 AM,1:09:12 AM,
2016001,Chest Auscultation,1:09:20 AM,1:09:26 AM,
2016001,Breathing Verbalized,1:22:19 AM,1:22:24 AM,
2016001,Chest Auscultation,1:34:14 AM,1:34:29 AM,
2016001,NRB,1:49:04 AM,1:49:49 AM,
2016001,BVM,1:49:49 AM,1:56:26 AM,
2016001,RSI Adjunct Meds,1:53:24 AM,1:53:32 AM,
2016001,Critical Window (3 minutes prior to laryngoscopy),1:53:26 AM,1:53:27 AM,
2016001,RSI Sedative Meds,1:54:03 AM,1:54:05 AM,
2016001,RSI Sedative Meds,1:54:22 AM,1:54:30 AM,
2016001,RSI Paralytic Meds,1:54:35 AM,1:54:39 AM,
2016001,Breathing Verbalized,1:56:18 AM,1:56:20 AM,
2016001,Laryngoscopy,1:56:26 AM,1:57:22 AM,
2016001,ET Tube Secured,2:00:47 AM,2:03:30 AM,
2016002,Patient Arrival,4:54:57 PM,4:54:58 PM,
2016002,BVM,4:54:57 PM,5:01:13 PM,
2016002,Decision to Intubate,4:56:38 PM,4:56:39 PM,
2016002,Chest Auscultation,4:57:28 PM,4:57:29 PM,
2016002,Critical Window (3 minutes prior to laryngoscopy),4:58:21 PM,4:58:22 PM,
2016002,RSI Adjunct Meds,4:59:00 PM,4:59:04 PM,
2016002,RSI Sedative Meds,4:59:33 PM,4:59:37 PM,
2016002,RSI Paralytic Meds,5:00:31 PM,5:00:33 PM,
2016002,Laryngoscopy,5:01:21 PM,5:02:22 PM,
2016002,ET Tube Secured,5:14:13 PM,5:16:39 PM,
2016004,Patient Arrival,9:08:00 PM,9:08:01 PM,
2016004,Airway Assessment,9:08:00 PM,9:08:01 PM,
2016004,BVM,9:08:00 PM,9:24:29 PM,
2016004,Chest Auscultation,9:09:01 PM,9:09:08 PM,
2016004,Chest Auscultation,9:13:33 PM,9:13:39 PM,
2016004,Critical Window (3 minutes prior to laryngoscopy),9:21:32 PM,9:21:33 PM,
2016004,RSI Paralytic Meds,9:22:25 PM,9:22:37 PM,
2016004,RSI Sedative Meds,9:23:01 PM,9:23:21 PM,
2016004,Breathing Verbalized,9:23:41 PM,9:23:42 PM,
2016004,Breathing Verbalized,9:23:56 PM,9:24:01 PM,
2016004,Laryngoscopy,9:24:32 PM,9:25:06 PM,
2016004,ET Tube Secured,9:49:14 PM,9:50:44 PM,